{
   "delete": {
      "Returns": [
         {
            "Desc": "True if successful false is never returned, errors are thrown instead <u>boolean</u>."
         },
         {
            "Desc": "Debug information (if requested) <u>string</u>."
         }
      ],
      "ParameterTable": true,
      "Title": "net.sftp.delete",
      "SummaryLine": "Deletes a file from the specified ftp server.",
      "Parameters": [
         {
            "remote_path": {
               "Desc": "The name of the file(s) to be deleted on the remote server <u>string</u>.<br /><br /><strong>Note</strong>: The file name may include a path and/or an extension, and you can use wildcards for multiple files (but none of these are required)"
            }
         },
         {
            "debug": {
               "Desc": "When true return verbose debug information, errors thrown will also contain debug information (default = false) <u>boolean</u>.",
               "Opt": true
            }
         }
      ],
      "SeeAlso": [
         {
            "Title": "Using File and FTP Interfaces",
            "Link": "http://help.interfaceware.com/v6/file-and-ftp-interfaces?v=6.0.0"
         },
         {
            "Title": "The net API reference: File transfer and email using the FTP, FTPS, HTTP, SFTP and SMTP message protocols",
            "Link": "http://help.interfaceware.com/api/?v=6.0.0#net"
         },
         {
            "Title": "Read from FTP site in the in the Iguana Files repository",
            "Link": "http://help.interfaceware.com/v6/read-from-ftp-site?v=6.0.0"
         },
         {
            "Title": "Using ftp",
            "Link": "http://help.interfaceware.com/code/details/using-ftp?v=6.0.0"
         },
         {
            "Title": " Using the ftp list command ",
            "Link": "http://help.interfaceware.com/v6/using-the-ftp-list-command?v=6.0.0"
         },
         {
            "Title": "Wikipedia: File Transfer Protocols (ftp)",
            "Link": "http://en.wikipedia.org/wiki/File_Transfer_Protocol"
         },
         {
            "Title": "Wikipedia: SSH File Transfer Protocol",
            "Link": "http://en.wikipedia.org/wiki/SSH_File_Transfer_Protocol"
         },
         {
            "Title": "Understanding Lua OO syntax: what the colon operator means",
            "Link": "http://help.interfaceware.com/v6/eliots-tips-and-tricks?v=6.0.0#colon"
         }
      ],
      "Usage": "SftpConn:delete{remote_path=&#60;value&#62; [, debug=&#60;value&#62;]}",
      "Examples": [
         "<pre>local SftpConn = net.sftp.init{server='example', username='user', password='password'}\n-- recommended usage:\nSftpConn:delete{remote_path='afile.txt'}\n\n-- which is shorthand for:\nnet.sftp.delete(SftpConn, {remote_path='afile.txt'})</pre>",
         "-- delete a file<br />SftpConn:delete{remote_path='/fox_out/test.txt'}",
         "-- use the 'live' parameter to delete a file in the editor<br /><br />-- cache the connection parameters, set live = true<br />local SftpConn = net.sftp.init{server='foxton_sftp', username='test_sftp',password='secret', live=true}<br /><br />-- delete the file<br />SftpConn:delete{remote_path='/fox_out/test.txt'}"
      ],
      "Desc": "Deletes a file (or files) from the ftp server specified by the <b>FtpConn</b> connection handle.<br><br><b>Note:</b> Use <code>net.sftp.init{}</code> to create a connection handle."
   },
   "put": {
      "Returns": [
         {
            "Desc": "True if successful false is never returned, errors are thrown instead <u>boolean</u>."
         },
         {
            "Desc": "Debug information (if requested) <u>string</u>."
         }
      ],
      "ParameterTable": true,
      "Title": "net.sftp.put",
      "SummaryLine": "Put a single file on the specified server.",
      "Parameters": [
         {
            "remote_path": {
               "Desc": "The name to be used for the uploaded file on the remote server <u>string</u>.<br /><br /><strong>Note</strong>: The file name may include a path and/or an extension (but neither of these are required)"
            }
         },
         {
            "data": {
               "Desc": "Data to upload <u>string</u>.",
               "Opt": true
            }
         },
         {
            "local_path": {
               "Desc": "The name of a local file to be uploaded to the remote server. If specified, the 'data' parameter is ignored <u>string</u>.<br /><br /><strong>Note</strong>: The file name may include a path and/or an extension (but neither of these are required)",
               "Opt": true
            }
         },
         {
            "overwrite": {
               "Desc": "Allow remote_path to be overwritten if it already exists (default = false) <u>boolean</u>.",
               "Opt": true
            }
         },
         {
            "tmp_postfix": {
               "Desc": "If not nil the file will first be uploaded as remote_path..tmp_postfix, and then renamed remote_path. Useful to ensure remote processes do not read a partially uploaded file <u>string</u>.",
               "Opt": true
            }
         },
         {
            "debug": {
               "Desc": "When true return verbose debug information, errors thrown will also contain debug information (default = false) <u>boolean</u>.",
               "Opt": true
            }
         }
      ],
      "SeeAlso": [
         {
            "Title": "Using File and FTP Interfaces",
            "Link": "http://help.interfaceware.com/v6/file-and-ftp-interfaces?v=6.0.0"
         },
         {
            "Title": "The net API reference: File transfer and email using the FTP, FTPS, HTTP, SFTP and SMTP message protocols",
            "Link": "http://help.interfaceware.com/api/?v=6.0.0#net"
         },
         {
            "Title": "Read from FTP site in the in the Iguana Files repository",
            "Link": "http://help.interfaceware.com/v6/read-from-ftp-site?v=6.0.0"
         },
         {
            "Title": "Using ftp",
            "Link": "http://help.interfaceware.com/code/details/using-ftp?v=6.0.0"
         },
         {
            "Title": " Using the ftp list command ",
            "Link": "http://help.interfaceware.com/v6/using-the-ftp-list-command?v=6.0.0"
         },
         {
            "Title": "Wikipedia: File Transfer Protocols (ftp)",
            "Link": "http://en.wikipedia.org/wiki/File_Transfer_Protocol"
         },
         {
            "Title": "Wikipedia: SSH File Transfer Protocol",
            "Link": "http://en.wikipedia.org/wiki/SSH_File_Transfer_Protocol"
         },
         {
            "Title": "Understanding Lua OO syntax: what the colon operator means",
            "Link": "http://help.interfaceware.com/v6/eliots-tips-and-tricks?v=6.0.0#colon"
         }
      ],
      "Usage": "SftpConn:put{remote_path=&#60;value&#62; [, data=&#60;value&#62;] [, ...]}",
      "Examples": [
         "<pre>local SftpConn = net.sftp.init{server='example', username='user', password='password'}\n-- recommended usage:\nSftpConn:put{remote_path='afile.txt', data=Data}\n\n-- which is shorthand for:\nnet.sftp.put(SftpConn, {remote_path='afile.txt', data=Data})</pre>",
         "--How to upload text and binary files<br /><br />-- cache the connection parameters<br />local SftpConn = net.sftp.init{server='foxton_sftp', username='test_sftp',password='secret'}<br /><br />-- put (upload) a text file (opens/closes an ASCII connection)\nSftpConn:put{remote_path='/fox_in/test.png',local_path='temp/test.txt'}\n\n-- put (upload) a binary (picture) file (opens/closes a binary connection)<br />SftpConn:put{remote_path='/fox_in/test.png',local_path='temp/test.png'}</pre>"
      ],
      "Desc": "Put a single file on the ftp server specified by the <b>FtpConn</b> connection handle.<br><br><b>Note:</b> Use <code>net.sftp.init{}</code> to create a connection handle.<br /><br />The local_path is relative to the Iguana install directory. So the absolute path for 'temp/myfile.txt' is something like 'c:/program files/interfaceware/iguana/temp/myfile.txt (Windows), or '/Users/julianmuir/Downloads/temp/myfile.txt' (Mac/Linux). You can also specify an absolute path."
   },
   "init": {
      "Returns": [
         {
            "Desc": "A connection object <u>table</u>."
         }
      ],
      "ParameterTable": true,
      "Title": "net.sftp.init",
      "SummaryLine": "Initializes a new SFTP connection (Secure FTP).",
      "SeeAlso": [
         {
            "Title": "Using File and FTP Interfaces",
            "Link": "http://help.interfaceware.com/v6/file-and-ftp-interfaces?v=6.0.0"
         },
         {
            "Title": "The net API reference: File transfer and email using the FTP, FTPS, HTTP, SFTP and SMTP message protocols",
            "Link": "http://help.interfaceware.com/api/?v=6.0.0#net"
         },
         {
            "Title": "Read from FTP site in the in the Iguana Files repository",
            "Link": "http://help.interfaceware.com/v6/read-from-ftp-site?v=6.0.0"
         },
         {
            "Title": "Using ftp",
            "Link": "http://help.interfaceware.com/code/details/using-ftp?v=6.0.0"
         },
         {
            "Title": " Using the ftp list command ",
            "Link": "http://help.interfaceware.com/v6/using-the-ftp-list-command?v=6.0.0"
         },
         {
            "Title": "Wikipedia: File Transfer Protocols (ftp)",
            "Link": "http://en.wikipedia.org/wiki/File_Transfer_Protocol"
         },
         {
            "Title": "Wikipedia: SSH File Transfer Protocol",
            "Link": "http://en.wikipedia.org/wiki/SSH_File_Transfer_Protocol"
         },
         {
            "Title": "Understanding Lua OO syntax: what the colon operator means",
            "Link": "http://help.interfaceware.com/v6/eliots-tips-and-tricks?v=6.0.0#colon"
         }
      ],
      "Parameters": [
         {
            "server": {
               "Desc": "The server to connect to <u>string</u>."
            }
         },
         {
            "username": {
               "Desc": "The remote user to login as <u>string</u>."
            }
         },
         {
            "password": {
               "Desc": "The password to authenticate with <u>string</u>.",
               "Opt": true
            }
         },
         {
            "port": {
               "Desc": "The port to use (default = 22) <u>integer</u>.",
               "Opt": true
            }
         },
         {
            "timeout": {
               "Desc": "Timeout for operations (default = 15 seconds) <u>integer</u>.",
               "Opt": true
            }
         },
         {
            "live": {
               "Desc": "Enable write operations (put, rename, delete) while in the editor (default = false) <u>boolean</u>.",
               "Opt": true
            }
         },
         {
            "public_key_file": {
               "Desc": "The name of your public key file <u>string</u>.",
               "Opt": true
            }
         },
         {
            "private_key_file": {
               "Desc": "The name of your private key file <u>string</u>.",
               "Opt": true
            }
         },
         {
            "private_key_pass": {
               "Desc": "The password to access your private key <u>string</u>.",
               "Opt": true
            }
         },
         {
            "host_fingerprint": {
               "Desc": "The MD5 checksum of the remote host's public key, used to authenticate the server (32 hexadecimals) <u>string</u>.",
               "Opt": true
            }
         },
         {
            "known_hosts": {
               "Desc": "If you have have an OpenSSH known_hosts file for authenticating remote hosts, you can specify it here <u>string</u>.",
               "Opt": true
            }
         }
      ],
      "Usage": "net.sftp.init{server=&#60;value&#62;, username=&#60;value&#62;, ...}",
      "Examples": [
         "local SftpConn = net.sftp.init{server='example', username='user', password='password'}",
         "-- cache the connection parameters<br />local SftpConn = net.sftp.init{server='foxton_sftp', username='test_sftp',password='secret'}<br /><br />-- get (download) a text file (opens/closes an ASCII connection)\nSftpConn:get{remote_path='/Users/foxton_sftp/test.png',local_path='temp/test.txt'}\n\n-- get (download) a binary (picture) file (opens/closes a binary connection)<br />SftpConn:get{remote_path='/Users/foxton_sftp/test.png',local_path='temp/test.png'}</pre>"
      ],
      "Desc": "Initializes a new SFTP connection (Secure FTP).<br /><br />SFTP, the 'SSH File Transfer Protocol', is not related to FTP even though it also transfers files and has a similar command set. SFTP is a program that uses Secure Shell (SSH) to transfer files, and unlike standard FTP, it encrypts both commands and data. The differences from FTP are evident by the reduced number connection options and hence less paramaters for <code>sftp.init{}</code>.<br /><br /><strong>Note</strong>: The 'init' command only caches the connection parameters, it does not open a connection. The actual connections are managed automatically, a connection is opened and closed each time an ftp command is issued (get, put etc). Because of this there never a need to 'close' an SFTP connection.<br /><br />If you need help with the advanced sftp options please <a rel='nofollow' href='http://www.interfaceware.com/contact.html' target='_blank'>contact support</a> at <a rel='nofollow' href='mailto:support@interfaceware.com' target='_blank'>support@interfaceware.com</a>."
   },
   "list": {
      "SeeAlso": [
         {
            "Title": "Using File and FTP Interfaces",
            "Link": "http://help.interfaceware.com/v6/file-and-ftp-interfaces?v=6.0.0"
         },
         {
            "Title": "The net API reference: File transfer and email using the FTP, FTPS, HTTP, SFTP and SMTP message protocols",
            "Link": "http://help.interfaceware.com/api/?v=6.0.0#net"
         },
         {
            "Title": "Read from FTP site in the in the Iguana Files repository",
            "Link": "http://help.interfaceware.com/v6/read-from-ftp-site?v=6.0.0"
         },
         {
            "Title": "Using ftp",
            "Link": "http://help.interfaceware.com/code/details/using-ftp?v=6.0.0"
         },
         {
            "Title": " Using the ftp list command ",
            "Link": "http://help.interfaceware.com/v6/using-the-ftp-list-command?v=6.0.0"
         },
         {
            "Title": "Wikipedia: File Transfer Protocols (ftp)",
            "Link": "http://en.wikipedia.org/wiki/File_Transfer_Protocol"
         },
         {
            "Title": "Wikipedia: SSH File Transfer Protocol",
            "Link": "http://en.wikipedia.org/wiki/SSH_File_Transfer_Protocol"
         },
         {
            "Title": "Understanding Lua OO syntax: what the colon operator means",
            "Link": "http://help.interfaceware.com/v6/eliots-tips-and-tricks?v=6.0.0#colon"
         }
      ],
      "Parameters": [
         {
            "remote_path": {
               "Desc": "The directory path on the remote server to list the contents for <u>string</u>."
            }
         },
         {
            "debug": {
               "Desc": "When true return verbose debug information, errors thrown will also contain debug information (default = false) <u>boolean</u>.",
               "Opt": true
            }
         }
      ],
      "Returns": [
         {
            "Desc": "An array of {filename, is_retrievable} values <u>table</u>."
         },
         {
            "Desc": "Debug information (if requested) <u>string</u>."
         }
      ],
      "Title": "net.sftp.list",
      "SummaryLine": "List the contents of a remote path.",
      "ParameterTable": true,
      "Usage": "SftpConn:list{remote_path=&#60;value&#62; [, debug=&#60;value&#62;]}",
      "Examples": [
         "<pre>local SftpConn = net.sftp.init{server='example', username='user', password='password'}\n-- recommended usage:\nSftpConn:list{remote_path='/'}\n\n-- which is shorthand for:\nnet.sftp.list(SftpConn, {remote_path='/'})</pre>",
         "FtpConn:list{remote_path=''}          -- users home directory<br />FtpConn:list{remote_path='/'}         -- ftp root directory<br />FtpConn:list{remote_path='/fox_out/'} -- user specified data directory"
      ],
      "Desc": "List the contents of a remote path on the ftp server specified by the <b>FtpConn</b> connection handle.<br><br><b>Note:</b> Use <code>net.sftp.init{}</code> to create a connection handle."
   },
   "rename": {
      "Returns": [
         {
            "Desc": "True if successful false is never returned, errors are thrown instead<u>boolean</u>."
         },
         {
            "Desc": "Debug information (if requested) <u>string</u>."
         }
      ],
      "ParameterTable": true,
      "Title": "net.sftp.rename",
      "SummaryLine": "Renames a single file or directory on the server.",
      "SeeAlso": [
         {
            "Title": "Using File and FTP Interfaces",
            "Link": "http://help.interfaceware.com/v6/file-and-ftp-interfaces?v=6.0.0"
         },
         {
            "Title": "The net API reference: File transfer and email using the FTP, FTPS, HTTP, SFTP and SMTP message protocols",
            "Link": "http://help.interfaceware.com/api/?v=6.0.0#net"
         },
         {
            "Title": "Read from FTP site in the in the Iguana Files repository",
            "Link": "http://help.interfaceware.com/v6/read-from-ftp-site?v=6.0.0"
         },
         {
            "Title": "Using ftp",
            "Link": "http://help.interfaceware.com/code/details/using-ftp?v=6.0.0"
         },
         {
            "Title": " Using the ftp list command ",
            "Link": "http://help.interfaceware.com/v6/using-the-ftp-list-command?v=6.0.0"
         },
         {
            "Title": "Wikipedia: File Transfer Protocols (ftp)",
            "Link": "http://en.wikipedia.org/wiki/File_Transfer_Protocol"
         },
         {
            "Title": "Wikipedia: SSH File Transfer Protocol",
            "Link": "http://en.wikipedia.org/wiki/SSH_File_Transfer_Protocol"
         },
         {
            "Title": "Understanding Lua OO syntax: what the colon operator means",
            "Link": "http://help.interfaceware.com/v6/eliots-tips-and-tricks?v=6.0.0#colon"
         }
      ],
      "Parameters": [
         {
            "remote_path": {
               "Desc": "The <strong>old</strong> name of the file or directory to be renamed on the remote server <u>string</u>.<br /><br /><strong>Note</strong>: The name may include a path and/or an extension (but neither of these are required)"
            }
         },
         {
            "new_remote_path": {
               "Desc": "The <strong>new</strong> name of the file or directory to be renamed on the remote server <u>string</u>.<br /><br /><strong>Note</strong>: The name may include a path and/or an extension (but neither of these are required)"
            }
         },
         {
            "debug": {
               "Desc": "When true return verbose debug information, errors thrown will also contain debug information (default = false) <u>boolean</u>.",
               "Opt": true
            }
         }
      ],
      "Usage": "SftpConn:rename{remote_path=&#60;value&#62;, new_remote_path=&#60;value&#62;, ...}",
      "Examples": [
         "<pre>local SftpConn = net.sftp.init{server='example', username='user', password='password'}\n-- recommended usage:\nSftpConn:rename{remote_path='old_name.txt', new_remote_path='new_name.txt'}\n\n-- which is shorthand for:\nnet.sftp.rename(SftpConn, {remote_path='old_name.txt', new_remote_path='new_name.txt'})</pre>",
         "-- move a file to a 'processed' directory<br />SftpConn:rename{<br />   remote_path='/fox_out/test.txt',<br />   new_remote_path='/fox_processed/test'..os.date()..'.txt'<br />}",
         "-- use the 'live' parameter to rename a file in the editor<br /><br />-- cache the connection parameters, set live = true<br />local SftpConn = net.sftp.init{server='foxton_sftp', username='test_sftp',password='secret', live=true}<br /><br />-- rename the file<br />SftpConn:rename{remote_path='/fox_out/test.txt', new_remote_path='/fox_processed/test_old'.txt'}"
      ],
      "Desc": "Renames a single file or directory on the server specified by the <b>FtpConn</b> connection handle.<br><br><b>Note:</b> Use <code>net.sftp.init{}</code> to create a connection handle."
   },
   "get": {
      "Returns": [
         {
            "Desc": "The contents of the file (or true if local_path is used false is never returned, errors are thrown instead) <u>string or boolean</u>."
         },
         {
            "Desc": "Debug information (if requested) <u>string</u>."
         }
      ],
      "ParameterTable": true,
      "Title": "net.sftp.get",
      "SummaryLine": "Get a single file from the remote server.",
      "SeeAlso": [
         {
            "Title": "Using File and FTP Interfaces",
            "Link": "http://help.interfaceware.com/v6/file-and-ftp-interfaces?v=6.0.0"
         },
         {
            "Title": "The net API reference: File transfer and email using the FTP, FTPS, HTTP, SFTP and SMTP message protocols",
            "Link": "http://help.interfaceware.com/api/?v=6.0.0#net"
         },
         {
            "Title": "Read from FTP site in the in the Iguana Files repository",
            "Link": "http://help.interfaceware.com/v6/read-from-ftp-site?v=6.0.0"
         },
         {
            "Title": "Using ftp",
            "Link": "http://help.interfaceware.com/code/details/using-ftp?v=6.0.0"
         },
         {
            "Title": " Using the ftp list command ",
            "Link": "http://help.interfaceware.com/v6/using-the-ftp-list-command?v=6.0.0"
         },
         {
            "Title": "Wikipedia: File Transfer Protocols (ftp)",
            "Link": "http://en.wikipedia.org/wiki/File_Transfer_Protocol"
         },
         {
            "Title": "Wikipedia: SSH File Transfer Protocol",
            "Link": "http://en.wikipedia.org/wiki/SSH_File_Transfer_Protocol"
         },
         {
            "Title": "Understanding Lua OO syntax: what the colon operator means",
            "Link": "http://help.interfaceware.com/v6/eliots-tips-and-tricks?v=6.0.0#colon"
         }
      ],
      "Parameters": [
         {
            "remote_path": {
               "Desc": "The name of the file to be downloaded from the remote server <u>string</u>.<br /><br /><strong>Note</strong>: The name may include a path and/or an extension (but neither of these are required)"
            }
         },
         {
            "local_path": {
               "Desc": "Save the file using this name instead of returning it as a string <u>string</u>.<br /><br /><strong>Note</strong>: The name may include a path and/or an extension (but neither of these are required)",
               "Opt": true
            }
         },
         {
            "overwrite": {
               "Desc": "Allow local_path to be overwritten if it already exists (default = false) <u>boolean</u>.",
               "Opt": true
            }
         },
         {
            "debug": {
               "Desc": "When true return verbose debug information, errors thrown will also contain debug information (default = false) <u>boolean</u>.",
               "Opt": true
            }
         }
      ],
      "Usage": "SftpConn:get{remote_path=&#60;value&#62; [, local_path=&#60;value&#62;] [, ...]}",
      "Examples": [
         "local s SftpConn = net.sftp.init{server='example', username='user', password='password'}<br />-- recommended usage:<br />SftpConn:get{remote_path='afile.txt'}<br /><br />-- which is shorthand for:<br />net.sftp.get(SftpConn, {remote_path='afile.txt'})",
         "--How to download text and binary files<br /><br />-- cache the connection parameters<br />local SftpConn = net.sftp.init{server='foxton_sftp', username='test_sftp',password='secret'}<br /><br />-- get (download) a text file (opens/closes an ASCII connection)\nSftpConn:get{remote_path='/fox_out/test.png',local_path='temp/test.txt'}\n\n-- get (download) a binary (picture) file (opens/closes a binary connection)<br />SftpConn:get{remote_path='/fox_out/test.png',local_path='temp/test.png'}</pre>"
     ],
      "Desc": "Get a single file from the remote ftp server specified by the <b>FtpConn</b> connection handle.<br><br><b>Note:</b> Use <code>net.sftp.init{}</code> to create a connection handle.<br /><br />The local_path is relative to the Iguana install directory. So the absolute path for 'temp/myfile.txt' is something like 'c:/program files/interfaceware/iguana/temp/myfile.txt (Windows), or '/Users/julianmuir/Downloads/temp/myfile.txt' (Mac/Linux). You can also specify an absolute path."
   }
}
