{
   "resume": {
      "Title": "coroutine.resume",
      "SummaryLine": "<b>Not supported in Iguana:</b> Starts or continues the execution of a coroutine.",
      "Usage": "coroutine.resume (co [, val1, &middot;&middot;&middot;])",
      "SeeAlso": [
         {
            "Title": "Online documentation for coroutine.resume",
            "Link": "http://www.lua.org/manual/5.1/manual.html#pdf-coroutine.resume"
         }
      ],
      "Desc": "<b>Not supported in Iguana.</b><br><br>Starts or continues the execution of coroutine <code>co</code>. The first time you resume a coroutine, it starts running its body. The values <code>val1</code>, &middot;&middot;&middot; are passed as the arguments to the body function. If the coroutine has yielded, <code>resume</code> restarts it; the values <code>val1</code>, &middot;&middot;&middot; are passed as the results from the yield.<br><br>If the coroutine runs without any errors, <code>resume</code> returns <b>true</b> plus any values passed to <code>yield</code> (if the coroutine yields) or any values returned by the body function (if the coroutine terminates).If there is any error, <code>resume</code> returns <b>false</b> plus the error message."
   },
   "yield": {
      "Title": "coroutine.yield",
      "SummaryLine": "<b>Not supported in Iguana:</b> Suspends the execution of the calling coroutine.",
      "Usage": "coroutine.yield (&middot;&middot;&middot;)",
      "SeeAlso": [
         {
            "Title": "Online documentation for coroutine.yield",
            "Link": "http://www.lua.org/manual/5.1/manual.html#pdf-coroutine.yield"
         }
      ],
       "Desc": "<b>Not supported in Iguana.</b><br><br> Suspends the execution of the calling coroutine. The coroutine cannot be running a C function, a metamethod, or an iterator. Any arguments to yield are passed as extra results to resume."
   },
   "status": {
      "Title": "coroutine.status",
      "SummaryLine": "<b>Not supported in Iguana:</b> Returns the status of a coroutine.",
      "Usage": "coroutine.status (co)",
      "SeeAlso": [
         {
            "Title": "Online documentation for coroutine.status",
            "Link": "http://www.lua.org/manual/5.1/manual.html#pdf-coroutine.status"
         }
      ],
       "Desc": "<b>Not supported in Iguana.</b><br><br>Returns the status of coroutine <code>co</code>, as a string: <code>\"running\"</code>, if the coroutine is running (that is, it called <code>status</code>); <code>\"suspended\"</code>, if the coroutine is suspended in a call to <code>yield</code>, or if it has not started running yet; <code>\"normal\"</code> if the coroutine is active but not running (that is, it has resumed another coroutine); and <code>\"dead\"</code> if the coroutine has finished its body function, or if it has stopped with an error."
   },
   "wrap": {
      "Title": "coroutine.wrap",
      "SummaryLine": "<b>Not supported in Iguana:</b> creates a new coroutine, using the specified Lua function as the body.",
      "Usage": "coroutine.wrap (f)",
      "SeeAlso": [
         {
            "Title": "Online documentation for coroutine.wrap",
            "Link": "http://www.lua.org/manual/5.1/manual.html#pdf-coroutine.wrap"
         }
      ],
       "Desc": "<b>Not supported in Iguana.</b><br><br>Creates a new coroutine, with body <code>f</code>. <code>f</code> must be a Lua function. Returns a function that resumes the coroutine each time it is called. Any arguments passed to the function behave as the extra arguments to <code>resume</code>. Returns the same values returned by <code>resume</code>, except the first boolean. In case of error, propagates the error."
   },
   "create": {
      "Title": "coroutine.create",
      "SummaryLine": "<b>Not supported in Iguana:</b>creates a new coroutine, using the specified Lua function as the body.",
      "Usage": "coroutine.create (f)",
      "SeeAlso": [
         {
            "Title": "Online documentation for coroutine.create",
            "Link": "http://www.lua.org/manual/5.1/manual.html#pdf-coroutine.create"
         }
      ],
       "Desc": "<b>Not supported in Iguana.</b><br><br>Creates a new coroutine, with body <code>f</code>. <code>f</code> must be a Lua function. Returns this new coroutine, an object with type <code>\"thread\"</code>."
   },
   "running": {
      "Title": "coroutine.running",
      "SummaryLine": "<b>Not supported in Iguana:</b> returns the running coroutine.",
      "Usage": "coroutine.running ()",
      "SeeAlso": [
         {
            "Title": "Online documentation for coroutine.running",
            "Link": "http://www.lua.org/manual/5.1/manual.html#pdf-coroutine.running"
         }
      ],
       "Desc": "<b>Not supported in Iguana.</b><br><br>Returns the running coroutine, or <b>nil</b> when called by the main thread."
   }
}
