{
   "message": {
      "SummaryLine": "Create an empty HL7/EDI data tree to populate with data.",
      "Returns": [
         {
            "Desc": "An empty data tree representing an HL7/EDI message <u>HL7 node tree</u>."
         }
      ],
      "Parameters": [
         {
            "vmd": {
               "Desc": "The name of a VMD schema file <u>string</u>. "
            }
         },
         {
            "name": {
               "Desc": "The name of a message definition in the specified VMD file <u>string</u>. "
            }
         }
      ],
      "Title": "hl7.message",
      "Desc": "Create an empty HL7/EDI data tree to populate with data. Returns an empty message object whose sub-fields are the segments of the message, e.g., <b>Msg.PID</b> for the PID segment.<br /><br /><strong>Best Practise</strong>: We recommend that you do not hard-code the message 'name' (second parameter). Instead you should use the name returned from <strong>hl7.parse{}</strong> (second return). This allows the message you create to be compatible with all message types that are defined in the VMD file you are using.",
      "SeeAlso": [
         {
            "Title": "The hl7 module - working  with HL7 2.x messages",
            "Link": "http://help.interfaceware.com/api/?v=6.0.0#hl7"
         },
         {
            "Title": "Documentation for working with HL7",
            "Link": "http://help.interfaceware.com/category/building-interfaces/interfaces/hl7?v=6.0.0"
         },
         {
            "Title": "Node types for Iguana node trees",
            "Link": "http://help.interfaceware.com/v6/node-types-for-iguana-node-trees?v=6.0.0"
         }
      ],
      "Usage": "hl7.message{vmd=&#60;value&#62;, name=&#60;value&#62;}",
      "Examples": [
         "<pre>-- If you hardcode the 'name' then the Msg can only be used with that message type (in this case 'PatientRegister')<br /><br />local Msg = hl7.message{vmd='example.vmd', name='PatientRegister'} -- 'name' hardcoded is not Best Practise</pre>",
         "<pre>-- Best Practise: Use the message type returned by hl7.parse{} (2nd return) to create an output message to map to<br /><br />local Msg, Name = hl7.parse{vmd = 'demo.vmd', data = Data} -- 'Name' the HL7 message type<br />local Out = hl7.message{vmd = 'demo.vmd', name = Name}     -- 'Name' used as 2nd parameter</pre>"
      ],
      "ParameterTable": true
   },
   "parse": {
      "SummaryLine": "Parses an HL7/EDI/X12 message.",
      "Returns": [
         {
            "Desc": "The parsed message as a <b>read-only</b> data tree <u>HL7 node tree</u>."
         },
         {
            "Desc": "The <b>name</b> of the message type <u>string</u>."
         },
         {
            "Desc": "A list of warnings and errors <u>table</u>."
         }
      ],
      "Parameters": [
         {
            "vmd": {
               "Desc": "The name of a VMD schema file <u>string</u>. "
            }
         },
         {
            "data": {
               "Desc": "A message to be parsed <u>string</u>. "
            }
         }
      ],
      "Title": "hl7.parse",
      "Desc": "Parses an HL7/EDI/X12 message. Returns three values: a <b>read-only</b> message tree, the <b>name</b> of the VMD message definition used to parse the message, and a list of warnings and errors. ",
      "SeeAlso": [
         {
            "Title": "The hl7 module - working  with HL7 2.x messages",
            "Link": "http://help.interfaceware.com/api/?v=6.0.0#hl7"
         },
         {
            "Title": "Documentation for working with HL7",
            "Link": "http://help.interfaceware.com/category/building-interfaces/interfaces/hl7?v=6.0.0"
         },
         {
            "Title": "Using the Warnings returned from hl7.parse{}",
            "Link": "http://help.interfaceware.com/v6/using-hl7-parse-warnings?v=6.0.0"
         },
         {
            "Title": "Node types for Iguana node trees",
            "Link": "http://help.interfaceware.com/v6/node-types-for-iguana-node-trees?v=6.0.0"
         }
      ],
      "Usage": "hl7.parse{vmd=&#60;value&#62;, data=&#60;value&#62;}",
      "Examples": [
         "<pre>local Msg = hl7.parse{vmd='demo.vmd', data=Data}</pre>"
      ],
      "ParameterTable": true
   }
}
