{
   "convert": {
      "Returns": [
         {
            "Desc": "A string (or stream) re-encoded in the target encoding <u>string or stream</u>."
         }
      ],
      "Title": "iconv.convert",
      "SummaryLine": "Convert character encoding from one encoding to another.",
      "Parameters": [
         {
            "data": {
               "Desc": "The string or stream in the original encoding. <u>string or stream</u>."
            }
         },
         {
            "from": {
               "Desc": "The name of the original encoding <u>string</u>."
            }
         },
         {
            "to": {
               "Desc": "The name of the target encoding <u>string</u>."
            }
         }
      ],
      "Usage": "iconv.convert(data, from, to)",
      "Examples": [
         "<pre>local Utf8Data = iconv.convert(\"Here is an inverted exclamation mark in ISO 8859-9: \\161\", \"ISO-8859-9\", \"UTF-8\")\ntrace(Utf8Data)\n--&gt; Here is an inverted exclamation mark in ISO 8859-9: &iexcl;</pre>",
         "<pre>local s = iconv.convert(\"It is 15&deg;C outside today\", \"UTF-8\", \"ASCII//TRANSLIT\")\ntrace(s)\n--&gt; It is 15^0C outside today</pre>"
      ],
      "SeeAlso": [
         {
            "Title": "The iconv modules - convert character strings between different character encoding",
            "Link": "http://help.interfaceware.com/api/?v=6.0.0#iconv"
         },
         {
            "Title": "The filter modules - encoding, encryption and compression",
            "Link": "http://help.interfaceware.com/api/?v=6.0.0#filter"
         },
         {
            "Title": "Streaming and Filtering Data",
            "Link": "http://help.interfaceware.com/streaming-and-filtering-data.html?v=6.0.0"
         },
         {
            "Title": "Additional information on iconv",
            "Link": "http://help.interfaceware.com/v6/use-iconv-to-change-character-string-encoding?v=6.0.0"
         },
         {
            "Title": "Wikipedia iconv entry",
            "Link": "https://en.wikipedia.org/wiki/Iconv"
         }
      ],
      "Desc": "Convert the character encoding of the supplied data from a variety of encodings to another encoding.<br /><br />In addition to any of the available encodings, appending \"//TRANSLIT\" or \"//IGNORE\" to the target encoding name activates transliteration mode and ignore mode, respectively. During conversion, if a character cannot be represented in the target encoding, transliteration is attempted in transliteration mode, or the character is simply skipped in ignore mode. Transliteration attempts to approximate the original character in the target encoding with characters that are visually similar to the offending character."
   },
   "list": {
      "Returns": [
         {
            "Desc": "A table containing aliases for each encoding available <u>table</u>."
         }
      ],
      "Title": "iconv.list",
      "SummaryLine": "List all available encodings and aliases.",
      "Parameters": [],
      "Usage": "iconv.list()",
      "Examples": [
         "<pre>local AllEncodings = iconv.list()\nlocal ASCIIaliases = AllEncodings[1]\ntrace(ASCIIaliases[3], ASCIIaliases[9])\n--&gt 'ASCII', 'US'</pre>"
      ],
      "SeeAlso": [
          {
             "Title": "The iconv modules - convert character strings between different character encoding",
             "Link": "http://help.interfaceware.com/api/?v=6.0.0#iconv"
          },
          {
             "Title": "The filter modules - encoding, encryption and compression",
             "Link": "http://help.interfaceware.com/api/?v=6.0.0#filter"
          },
          {
             "Title": "Streaming and Filtering Data",
             "Link": "http://help.interfaceware.com/streaming-and-filtering-data.html?v=6.0.0"
          },
          {
             "Title": "Additional information on iconv",
             "Link": "http://help.interfaceware.com/v6/use-iconv-to-change-character-string-encoding?v=6.0.0"
          },
          {
             "Title": "Wikipedia iconv entry",
             "Link": "https://en.wikipedia.org/wiki/Iconv"
          }
      ],
      "Desc": "Returns a list of all character encodings understood by iconv.<br /><br />The returned table is only useful for debugging purposes. To check whether or not a particular encoding is available, <code>iconv.supported</code> should be used."
   },
   "supported": {
      "Returns": [
         {
            "Desc": "Whether or not the encoding is supported <u>boolean</u>."
         }
      ],
      "Title": "iconv.supported",
      "SummaryLine": "Check whether or not a supplied encoding is supported.",
      "Parameters": [
         {
            "encoding": {
               "Desc": "The name of the encoding <u>string</u>."
            }
         }
      ],
      "Usage": "iconv.supported(encoding)",
      "Examples": [
         "<pre>iconv.supported(\"utf8\")\n--&gt; true</pre>",
         "<pre>iconv.supported(\"hello\")\n--&gt; false</pre>",
      ],
      "SeeAlso": [
          {
             "Title": "The iconv modules - convert character strings between different character encoding",
             "Link": "http://help.interfaceware.com/api/?v=6.0.0#iconv"
          },
          {
             "Title": "The filter modules - encoding, encryption and compression",
             "Link": "http://help.interfaceware.com/api/?v=6.0.0#filter"
          },
          {
             "Title": "Streaming and Filtering Data",
             "Link": "http://help.interfaceware.com/streaming-and-filtering-data.html?v=6.0.0"
          },
          {
             "Title": "Additional information on iconv",
             "Link": "http://help.interfaceware.com/v6/use-iconv-to-change-character-string-encoding?v=6.0.0"
          },
          {
             "Title": "Wikipedia iconv entry",
             "Link": "https://en.wikipedia.org/wiki/Iconv"
          }
      ],
      "Desc": "Returns a boolean representing whether or not a requested encoding is supported by the iconv library.<br><br><b>Note</b>: Although an encoding may be supported by the iconv library, it does not necessarily mean that it can be freely converted to or from any other encoding. Conversion between two supported encodings may still fail if there are characters that cannot be represented in the target encoding."
   },
   "aliases": {
      "Returns": [
         {
            "Desc": "A list of aliases for the supplied encoding <u>table</u>."
         }
      ],
      "Title": "iconv.aliases",
      "SummaryLine": "List all aliases for an encoding.",
      "Parameters": [
         {
            "encoding": {
               "Desc": "The name of the encoding <u>string</u>."
            }
         }
      ],
      "Usage": "iconv.aliases(encoding)",
      "Examples": [
         "<pre>local ASCIIaliases = iconv.aliases(\"ascii\")\ntrace(ASCIIaliases[3], ASCIIaliases[9])\n--&gt; 'ASCII', 'US'</pre>"
      ],
      "SeeAlso": [
          {
             "Title": "The iconv modules - convert character strings between different character encoding",
             "Link": "http://help.interfaceware.com/api/?v=6.0.0#iconv"
          },
          {
             "Title": "The filter modules - encoding, encryption and compression",
             "Link": "http://help.interfaceware.com/api/?v=6.0.0#filter"
          },
          {
             "Title": "Streaming and Filtering Data",
             "Link": "http://help.interfaceware.com/streaming-and-filtering-data.html?v=6.0.0"
          },
          {
             "Title": "Additional information on iconv",
             "Link": "http://help.interfaceware.com/v6/use-iconv-to-change-character-string-encoding?v=6.0.0"
          },
          {
             "Title": "Wikipedia iconv entry",
             "Link": "https://en.wikipedia.org/wiki/Iconv"
          }
      ],
      "Desc": "Returns a list of aliases for a supplied encoding.<br /><br />Aliases are simply different names for the same underlying encoding. Passing in a different alias of an encoding to <code>iconv.convert</code> does not change the result of the conversion."
   }
}
