{
   "stopOnError": {
      "Title": "iguana.stopOnError",
      "SummaryLine": "Enables/disables stopping the channel when errors occur.",
      "Returns": [],
      "Examples": [
         "<pre>iguana.stopOnError(false)</pre>"
      ],
      "Desc": "Enables/disables stopping the channel when errors occur. <br><br>Normally when an error occurs in your script Iguana will log the error and stop the channel - unless you catch it with pcall(). This function can be used to change that behaviour, causing Iguana to continue processing other messages after logging the error.<br><br><b>Note:</b> This refers to a program error not a logged error, so calling <code>iguana.logError()</code> will not stop the channel, however calling <code>iguana.error()</code> will stop the channel.",
      "Usage": "iguana.stopOnError(stop)",
      "SeeAlso": [
          {
             "Title": "The iguana module - interacting with Iguana's run-time system",
             "Link": "http://help.interfaceware.com/api/?v=6.0.0#iguana"
          },
          {
             "Title": "Continue channel processing when an error occurs",
             "Link": "http://help.interfaceware.com/code/details/continue-channel-processing-when-an-error-occurs?v=6.0.0"
          },
          {
             "Title": " Thinking through interface error handling",
             "Link": "http://help.interfaceware.com/v6/thinking-through-interface-error-handling?v=6.0.0"
          }
      ],
      "Parameters": [
         {
            "stop": {
               "Desc": "If false, errors will not stop the channel (default = true) <u>boolean</u>."
            }
         }
      ]
   },
   "setTimeout": {
      "Title": "iguana.setTimeout",
      "SummaryLine": "Set a new timeout for the current script.",
      "Returns": [],
      "Examples": [
         "<pre>iguana.setTimeout(120)</pre>"
      ],
      "Usage": "iguana.setTimeout(seconds)",
      "SeeAlso": [
          {
             "Title": "The iguana module - interacting with Iguana's run-time system",
             "Link": "http://help.interfaceware.com/api/?v=6.0.0#iguana"
          },
          {
             "Title": "Set channel timeout",
             "Link": "http://help.interfaceware.com/code/details/set-channel-timeout?v=6.0.0"
          },
          {
             "Title": "Modify the behaviour of code for test or production",
             "Link": "http://help.interfaceware.com/v6/modify-the-behaviour-of-the-code-when-running-in-test-and-production?v=6.0.0"
          },
          {
             "Title": "Faster Editor code execution",
             "Link": "http://help.interfaceware.com/v6/improving-iguana-editor-performance?v=6.0.0"
          },
          {
             "Title": "Set channel timeout",
             "Link": "http://help.interfaceware.com/code/details/set-channel-timeout?v=6.0.0"
          }
      ],
      "Desc": "Set a new timeout for the current script. The timeout has no effect while in the editor. <br><br>Normally scripts are allowed 5 minutes to run. When they take too long, Iguana assumes that is due to a programming error or a blocking operation and stops the channel. If you know  how long an operation will take you can set the timeout to avoid this. The timeout does not apply to individual actions: e.g., a database operation may take more time than allowed by iguana.setTimeout(), but the script will be stopped as soon as the database operation completes.",
      "Parameters": [
         {
            "seconds": {
               "Desc": "Timeout in seconds <u>integer</u>."
            }
         }
      ]
   },
   "logError": {
      "Title": "iguana.logError",
      "SummaryLine": "Add an Error log entry with the given text.",
      "Returns": [],
      "Desc": "Add a Error log entry with the given text. Use it to create your own Error entries in the Iguana log. <br><br>By default Iguana uses its internally generated \"Message IDs\" to link log entries together, the message ID is created when the message is queued/logged. This ID is actually a string containing today's date followed by seven digits \"YYYYMMDD-NNNNNNN\". The message_id parameter can be used to modify the default linking behaviour: You can use the ID from a different message, or even use a \"fictitious\" ID to group messages.<br><br>When Iguana is processing a message from the queue, it automatically links the log entry to the that message. This occurs  in Filter scripts, To Translator scripts, and LLP acknowledgment scripts (LLP Listener components using \"Translator ACK\"). You can use the message_id parameter to link to a different (or fictitious) message.<br><br> When Iguana is processing unqueued messages (From Translator and From HTTPS), then log entries <i>cannot be linked automatically</i>, because the message ID does not exist. You can use the message_id parameter to link to a specific (or fictitious) message.<br><br> Use <code>iguana.messageId()</code> or <code>queue.push()</code> to obtain a message ID. <br><br><strong>Note</strong>: If you are working with an unqueued message you can use <code>queue.push()</code> to push the message to the queue and generate a message ID.",
      "Usage": "iguana.logError(text [, message_id])",
      "Examples": [
         "<pre>iguana.logError(text)</pre>",
         "<pre>iguana.logError(text, iguana.messageId())</pre>",
         "-- Working with queued messages (Filter, To Translator, and LLP Listener using \"Translator ACK\")<br><br>local text = 'This is an Error log entry'<br><br>-- link to the current message ID<br> iguana.logError(text)<br> iguana.logError(text, iguana.messageId()) -- identical result to the line above<br><br>-- include the message ID in the log entry<br> iguana.logError(text..iguana.messageId())<br><br>-- save linked messages in a database<br>Conn:execute{sql = \"INSERT IguanaMessage ('MsgId', 'LogMsg') VALUES (\"..iguana.messageId()..\",\"..text..\")}\"",
         "-- Working with unqueued messages (From Translator and From HTTPS)<br><br>local text = 'This is an Error log entry'<br><br>-- cannot link to an unqueued message<br> iguana.logError(text)                     -- creates a log entry, that is not linked to a message<br> iguana.logError(text, iguana.messageId()) -- this does not work<br><br>-- log the message first to create a message ID, then link to it<br>local MessageId = queue.push(text)<br> iguana.logError(text, MessageId())<br><br>-- include the message ID in the log entry<br> iguana.logError(text..iguana.messageId()) -- this does not work<br> iguana.logError(text..MessageId)<br><br>-- save linked messages in a database<br>Conn:execute{sql = \"INSERT IguanaMessage ('MsgId', 'LogMsg') VALUES (\"..MessageId..\",\"..text..\")}\""
      ],
      "SeeAlso": [
         {
            "Title": "The iguana module - interacting with Iguana's run-time system",
            "Link": "http://help.interfaceware.com/api/?v=6.0.0#iguana"
         },
         {
            "Title": "The Log documenation",
            "Link": "http://help.interfaceware.com/category/reference/logs?v=6.0.0"
         }
      ],
      "Parameters": [
         {
            "text": {
               "Desc": "The text to log <u>string</u>. "
            }
         },
         {
            "message_id": {
               "Desc": " The message ID of the message this log entry should be related to, in the format \"YYYYMMDD-NNNNNNN\" <u>string</u>.",
               "Opt": true
            }
         }
      ]
   },
   "logDebug": {
      "Title": "iguana.logDebug",
      "SummaryLine": "Add a Debug log entry with the given text.",
      "Returns": [],
      "Desc": "Add a Debug log entry with the given text. Use it to create your own Debug entries in the Iguana log. <br><br><b>Note:</b> when the <b>logging level</b> for the channel is set to <b>debug</b> then <code>iguana.logDebug()</code> will create log entries, otherwise it will not do anything.<br><br>By default Iguana uses its internally generated \"Message IDs\" to link log entries together, the message ID is created when the message is queued/logged. This ID is actually a string containing today's date followed by seven digits \"YYYYMMDD-NNNNNNN\". The message_id parameter can be used to modify the default linking behaviour: You can use the ID from a different message, or even use a \"fictitious\" ID to group messages.<br><br>When Iguana is processing a message from the queue, it automatically links the log entry to the that message. This occurs  in Filter scripts, To Translator scripts, and LLP acknowledgment scripts (LLP Listener components using \"Translator ACK\"). You can use the message_id parameter to link to a different (or fictitious) message.<br><br> When Iguana is processing unqueued messages (From Translator and From HTTPS), then log entries <i>cannot be linked automatically</i>, because the message ID does not exist. You can use the message_id parameter to link to a specific (or fictitious) message.<br><br> Use <code>iguana.messageId()</code> or <code>queue.push()</code> to obtain a message ID. <br><br><strong>Note</strong>: If you are working with an unqueued message you can use <code>queue.push()</code> to push the message to the queue and generate a message ID.",
      "Usage": "iguana.logDebug(text [, message_id])",
      "Examples": [
         "<pre>iguana.logDebug(text)</pre>",
         "<pre>iguana.logDebug(text, iguana.messageId())</pre>",
         "-- Working with queued messages (Filter, To Translator, and LLP Listener using \"Translator ACK\")<br><br>local text = 'This is a Debug log entry'<br><br>-- link to the current message ID<br> iguana.logDebug(text)<br> iguana.logDebug(text, iguana.messageId()) -- identical result to the line above<br><br>-- include the message ID in the log entry<br> iguana.logDebug(text..iguana.messageId())<br><br>-- save linked messages in a database<br>Conn:execute{sql = \"INSERT IguanaMessage ('MsgId', 'LogMsg') VALUES (\"..iguana.messageId()..\",\"..text..\")}\"",
         "-- Working with unqueued messages (From Translator and From HTTPS)<br><br>local text = 'This is a Debug log entry'<br><br>-- cannot link to an unqueued message<br> iguana.logDebug(text)                     -- creates a log entry, that is not linked to a message<br> iguana.logDebug(text, iguana.messageId()) -- this does not work<br><br>-- log the message first to create a message ID, then link to it<br>local MessageId = queue.push(text)<br> iguana.logDebug(text, MessageId())<br><br>-- include the message ID in the log entry<br> iguana.logDebug(text..iguana.messageId()) -- this does not work<br> iguana.logDebug(text..MessageId)<br><br>-- save linked messages in a database<br>Conn:execute{sql = \"INSERT IguanaMessage ('MsgId', 'LogMsg') VALUES (\"..MessageId..\",\"..text..\")}\""
      ],
      "SeeAlso": [
          {
             "Title": "The iguana module - interacting with Iguana's run-time system",
             "Link": "http://help.interfaceware.com/api/?v=6.0.0#iguana"
          },
          {
             "Title": "The Log documenation",
             "Link": "http://help.interfaceware.com/category/reference/logs?v=6.0.0"
          }
      ],
      "Parameters": [
         {
            "text": {
               "Desc": "The text to log <u>string</u>. "
            }
         },
         {
            "message_id": {
               "Desc": " The message ID of the message this log entry should be related to, in the format \"YYYYMMDD-NNNNNNN\" <u>string</u>.",
               "Opt": true
            }
         }
      ]
   },
   "logInfo": {
      "Title": "iguana.logInfo",
      "SummaryLine": "Add an Informational log entry with the given text.",
      "Returns": [],
      "Desc": "Add an Informational log entry with the given text. Use it to create your own Informational entries in the Iguana log. <br><br><strong>Note</strong>: <code>iguana.logInfo()</code> and <code>print()</code> are very similar, as they both write informational messages to the logs (but <code>print()</code> does not take the <code>message_id</code> parameter).<br><br>By default Iguana uses its internally generated \"Message IDs\" to link log entries together, the message ID is created when the message is queued/logged. This ID is actually a string containing today's date followed by seven digits \"YYYYMMDD-NNNNNNN\". The message_id parameter can be used to modify the default linking behaviour: You can use the ID from a different message, or even use a \"fictitious\" ID to group messages.<br><br>When Iguana is processing a message from the queue, it automatically links the log entry to the that message. This occurs  in Filter scripts, To Translator scripts, and LLP acknowledgment scripts (LLP Listener components using \"Translator ACK\"). You can use the message_id parameter to link to a different (or fictitious) message.<br><br> When Iguana is processing unqueued messages (From Translator and From HTTPS), then log entries <i>cannot be linked automatically</i>, because the message ID does not exist. You can use the message_id parameter to link to a specific (or fictitious) message.<br><br> Use <code>iguana.messageId()</code> or <code>queue.push()</code> to obtain a message ID. <br><br><strong>Note</strong>: If you are working with an unqueued message you can use <code>queue.push()</code> to push the message to the queue and generate a message ID.",
      "Usage": "iguana.logInfo(text [, message_id])",
      "Examples": [
         "-- Working with queued messages (Filter, To Translator, and LLP Listener using \"Translator ACK\")<br><br>local text = 'This is an Informational log entry'<br><br>-- link to the current message ID<br>iguana.logInfo(text)<br>iguana.logInfo(text, iguana.messageId()) -- identical result to the line above<br><br>-- include the message ID in the log entry<br>iguana.logInfo(text..iguana.messageId())<br><br>-- save linked messages in a database<br>Conn:execute{sql = \"INSERT IguanaMessage ('MsgId', 'LogMsg') VALUES (\"..iguana.messageId()..\",\"..text..\")}\"",
         "-- Working with unqueued messages (From Translator and From HTTPS)<br><br>local text = 'This is an Informational log entry'<br><br>-- cannot link to an unqueued message<br>iguana.logInfo(text)                     -- creates a log entry, that is not linked to a message<br>iguana.logInfo(text, iguana.messageId()) -- this does not work<br><br>-- log the message first to create a message ID, then link to it<br>local MessageId = queue.push(text)<br>iguana.logInfo(text, MessageId())<br><br>-- include the message ID in the log entry<br>iguana.logInfo(text..iguana.messageId()) -- this does not work<br>iguana.logInfo(text..MessageId)<br><br>-- save linked messages in a database<br>Conn:execute{sql = \"INSERT IguanaMessage ('MsgId', 'LogMsg') VALUES (\"..MessageId..\",\"..text..\")}\""
      ],
      "SeeAlso": [
         {
            "Title": "The iguana module - interacting with Iguana's run-time system",
            "Link": "http://help.interfaceware.com/api/?v=6.0.0#iguana"
         },
         {
            "Title": "The Log documenation",
            "Link": "http://help.interfaceware.com/category/reference/logs?v=6.0.0"
         }
      ],
      "Parameters": [
         {
            "text": {
               "Desc": "The text to log <u>string</u>. "
            }
         },
         {
            "message_id": {
               "Desc": " The message ID of the message this log entry should be related to, in the format \"YYYYMMDD-NNNNNNN\" <u>string</u>.",
               "Opt": true
            }
         }
      ]
   },
   "logWarning": {
      "Title": "iguana.logWarning",
      "SummaryLine": "Add a Warning log entry with the given text.",
      "Returns": [],
      "Desc": "Add a Warning log entry with the given text. Use it to create your own Warning entries in the Iguana log. <br><br>By default Iguana uses its internally generated \"Message IDs\" to link log entries together, the message ID is created when the message is queued/logged. This ID is actually a string containing today's date followed by seven digits \"YYYYMMDD-NNNNNNN\". The message_id parameter can be used to modify the default linking behaviour: You can use the ID from a different message, or even use a \"fictitious\" ID to group messages.<br><br>When Iguana is processing a message from the queue, it automatically links the log entry to the that message. This occurs  in Filter scripts, To Translator scripts, and LLP acknowledgment scripts (LLP Listener components using \"Translator ACK\"). You can use the message_id parameter to link to a different (or fictitious) message.<br><br> When Iguana is processing unqueued messages (From Translator and From HTTPS), then log entries <i>cannot be linked automatically</i>, because the message ID does not exist. You can use the message_id parameter to link to a specific (or fictitious) message.<br><br> Use <code>iguana.messageId()</code> or <code>queue.push()</code> to obtain a message ID. <br><br><strong>Note</strong>: If you are working with an unqueued message you can use <code>queue.push()</code> to push the message to the queue and generate a message ID.",
      "Usage": "iguana.logWarning(text [, message_id])",
      "Examples": [
         "-- Working with queued messages (Filter, To Translator, and LLP Listener using \"Translator ACK\")<br><br>local text = 'This is a Warning log entry'<br><br>-- link to the current message ID<br>iguana.logWarning(text)<br>iguana.logWarning(text, iguana.messageId()) -- identical result to the line above<br><br>-- include the message ID in the log entry<br>iguana.logWarning(text..iguana.messageId())<br><br>-- save linked messages in a database<br>Conn:execute{sql = \"INSERT IguanaMessage ('MsgId', 'LogMsg') VALUES (\"..iguana.messageId()..\",\"..text..\")}\"",
         "-- Working with unqueued messages (From Translator and From HTTPS)<br><br>local text = 'This is a Warning log entry'<br><br>-- cannot link to an unqueued message<br>iguana.logWarning(text)                     -- creates a log entry, that is not linked to a message<br>iguana.logWarning(text, iguana.messageId()) -- this does not work<br><br>-- log the message first to create a message ID, then link to it<br>local MessageId = queue.push(text)<br>iguana.logWarning(text, MessageId())<br><br>-- include the message ID in the log entry<br>iguana.logWarning(text..iguana.messageId()) -- this does not work<br>iguana.logWarning(text..MessageId)<br><br>-- save linked messages in a database<br>Conn:execute{sql = \"INSERT IguanaMessage ('MsgId', 'LogMsg') VALUES (\"..MessageId..\",\"..text..\")}\""
      ],
      "SeeAlso": [
         {
            "Title": "The iguana module - interacting with Iguana's run-time system",
            "Link": "http://help.interfaceware.com/api/#iguana"
         },
         {
            "Title": "The Log documenation",
            "Link": "http://help.interfaceware.com/category/reference/logs?v=6.0.0"
         }
      ],
      "Parameters": [
         {
            "text": {
               "Desc": "The text to log <u>string</u>. "
            }
         },
         {
            "message_id": {
               "Desc": " The message ID of the message this log entry should be related to, in the format \"YYYYMMDD-NNNNNNN\" <u>string</u>.",
               "Opt": true
            }
         }
      ]
   },
   "messageId": {
      "Title": "iguana.messageId",
      "SummaryLine": "Get the message ID of the current message being processed.",
      "Returns": [
         {
            "Desc": "A unique Message ID string in the format \"YYYYMMDD-NNNNNNN\" <u>string</u>. <strong>OR</strong> nil if the message has not been placed in the queue <u>nil</u>."
         }
      ],
      "Usage": "iguana.messageId()",
      "Parameters": [],
      "Examples": [
         "<pre>iguana.messageId()</pre>",
         "<pre>iguana.logDebug(text, iguana.messageId())</pre>"
      ],
      "SeeAlso": [
          {
             "Title": "The iguana module - interacting with Iguana's run-time system",
             "Link": "http://help.interfaceware.com/api/?v=6.0.0#iguana"
          },
          {
             "Title": "Get the current message ID",
             "Link": "http://help.interfaceware.com/code/details/get-the-current-message-id?v=6.0.0"
          },
          {
             "Title": "Programmatically reading Iguana log entries from Lua",
             "Link": "http://help.interfaceware.com/v6/programmatically-reading-iguana-log-entries-from-lua?v=6.0.0"
          },
          {
            "Title": "Understanding the Iguana Message Queue",
            "Link": "http://help.interfaceware.com/v6/log-features?v=6.0.0#queue"
          }
      ],
      "Desc": "Get the message ID of the current message being processed. This is a unique message ID from Iguana's internal logging system, this ID is created when a message is queued/logged. The message ID is returned as a string containing today's date followed by seven digits \"YYYYMMDD-NNNNNNN\".<br><br>The message ID is very useful for grouping related messages, see the <code>iguana.logInfo</code> help for more information.<br><br><b>Note</b>: It should not be confused with other message IDs like HL7 message control IDs for instance."
   },
   "channelName": {
      "Title": "iguana.channelName",
      "SummaryLine": "Get the name of the channel running the script.",
      "Returns": [
         {
            "Desc": "the current channel name <u>string</u>."
         }
      ],
      "Usage": "iguana.channelName()",
      "Parameters": [],
      "Examples": [
         "<pre>local name = iguana.channelName()</pre>"
      ],
      "SeeAlso": [
         {
            "Title": "The iguana module - interacting with Iguana's run-time system",
            "Link": "http://help.interfaceware.com/api/?v=6.0.0#iguana"
         },
         {
            "Title": "Get the name or guid for a channel",
            "Link": "http://help.interfaceware.com/code/details/get-the-name-or-guid-for-a-channel?v=6.0.0"
         },
         {
            "Title": "Configure the Channel Settings",
            "Link": "http://help.interfaceware.com/v6/configure-the-channel-tab?v=6.0.0"
         }
      ],
      "Desc": "Get the name of the channel running the script."
   },
   "channelDesc": {
      "Title": "iguana.channelDesc",
      "SummaryLine": "Get the description of the channel running the script.",
      "Returns": [
         {
            "Desc": "the current channel description <u>string</u>."
         }
      ],
      "Usage": "iguana.channelDesc()",
      "Parameters": [],
      "Examples": [
         "<pre>local name = iguana.channelDesc()</pre>"
      ],
      "SeeAlso": [
          {
             "Title": "The iguana module - interacting with Iguana's run-time system",
             "Link": "http://help.interfaceware.com/api/?v=6.0.0#iguana"
          },
          {
             "Title": "Configure the Channel Settings",
             "Link": "http://help.interfaceware.com/v6/configure-the-channel-tab?v=6.0.0"
          }
      ],
      "Desc": "Get the name of the channel running the script."
   },
   "setChannelStatus": {
      "Examples": [
         "<pre>iguana.setChannelStatus{\n   color='yellow',\n   text='Connection lost; retrying...'\n}</pre>"
      ],
      "Desc": "Set the status icon and text for the current channel.<br><br>For complicated scripts, you may want to provide more feedback than simple log entries.  This function can change the status light on the dashboard and add text to the channel's tool-tip.<br><br>Color is restricted to <b>yellow</b> and <b>green</b>.  Green is the normal, <b>everything's fine</b> color, which typically appears when your channel is running.  If your script needs to wait a while to retry an operation, you may want to set its status light to yellow.  Don't forget to change the color back to green when you are done; unless your channel stops, it will stay yellow.<br><br>You can omit the color or the text, but not both.  Color defaults to <b>green</b>, and text defaults to an empty string.<br><br><b>Note:</b> text can be anything you like, but it cannot be HTML.",
      "Title": "iguana.setChannelStatus",
      "SummaryLine": "Set the status icon and text for the current channel.",
      "Returns": [],
      "ParameterTable": true,
      "Usage": "iguana.setChannelStatus{[color=&#60;value&#62;] [, text=&#60;value&#62;]}",
      "SeeAlso": [
         {
            "Title": "The iguana module - interacting with Iguana's run-time system",
            "Link": "http://help.interfaceware.com/api/?v=6.0.0#iguana"
         },
         {
            "Title": "Set channel dashboard status",
            "Link": "http://help.interfaceware.com/code/details/set-status-for-a-channel?v=6.0.0"
         },
         {
            "Title": "The Retry module in the Tools repository",
            "Link": "http://help.interfaceware.com/v6/retry-example?v=6.0.0"
         },
         {
            "Title": "Schedule Channel Run in the Tools repository",
            "Link": "http://help.interfaceware.com/v6/scheduler-example?v=6.0.0"
         },
         {
            "Title": " Retrying unreliable external resources",
            "Link": "http://help.interfaceware.com/v6/retrying-unreliable-external-resources?v=6.0.0"
         }
      ],
      "Parameters": [
         {
            "color": {
               "Desc": "The desired icon color (yellow or green)  <u>string</u> ",
               "Opt": true
            }
         },
         {
            "text": {
               "Desc": "The status text to display <u>string</u>.",
               "Opt": true
            }
         }
      ]
   },
  "channelConfig": {
      "Examples": [
         "<pre>--Fetching by GUID<br>local Config = iguana.channelConfig{guid=iguana.channelGuid()}<br>Config = xml.parse{data=Config}</pre>",
         "<pre>--Or by channel name<br>local Config = iguana.channelConfig{name=iguana.channelName()}</pre>"
      ],
      "Desc": "Fetches the configuration for a channel specified by name or guid.",
      "Title": "iguana.channelConfig",
      "SummaryLine": "Fetch XML configuration of a channel.",
      "Returns": [
         {
            "Desc": "The channel configuration as XML <u>string</u>."
         }
      ],
      "ParameterTable": true,
      "Usage": "iguana.channelConfig{guid=&#60;value&#62; OR name=&#60;value&#62;}",
      "SeeAlso": [
          {
             "Title": "The iguana module - interacting with Iguana's run-time system",
             "Link": "http://help.interfaceware.com/api/?v=6.0.0#iguana"
          },
          {
             "Title": "Get channel configuration",
             "Link": "http://help.interfaceware.com/code/details/get-channel-configuration?v=6.0.0"
          },
          {
             "Title": "Channel Settings",
             "Link": "http://help.interfaceware.com/category/reference/channel-settings?v=6.0.0"
          }
      ],
      "Parameters": [
         {
            "guid": {
               "Desc": "Guid of the channel configuration to fetch <u>string</u> ",
               "Opt": true
            }
         },
         {
            "name": {
               "Desc": "Name of the channel configuration to fetch <u>string</u>.",
               "Opt": true
            }
         }
      ]
   },
   "workingDir": {
      "Title": "iguana.workingDir",
      "SummaryLine": "Get the current working directory where the configuration files are located.",
      "Returns": [
         {
            "Desc": "The directory name <u>string</u>."
         }
      ],
      "Usage": "iguana.workingDir()",
      "Parameters": [],
      "Examples": [
         "<pre>local wd = iguana.workingDir()</pre>",
         "<pre>-- read the Iguana configuration file\nlocal config = iguana.workingDir()..'IguanaConfiguration.xml'\nlocal f = io.open(config, 'r')\nf:read('*a')\nf:close()</pre>"
      ],
      "SeeAlso": [
          {
             "Title": "The iguana module - interacting with Iguana's run-time system",
             "Link": "http://help.interfaceware.com/api/?v=6.0.0#iguana"
          },
          {
             "Title": "Project Files",
             "Link": "http://help.interfaceware.com/v6/project-files?v=6.0.0"
          },
          {
             "Title": "Get the Iguana working directory",
             "Link": "http://help.interfaceware.com/code/details/get-the-iguana-working-working-directory?v=6.0.0"
          }
      ],
      "Desc": "Get the current working directory where the configuration files are located."
   },
   "channelGuid": {
      "Title": "iguana.channelGuid",
      "SummaryLine": "Get the guid of the channel that this translator instance belongs to.",
      "Returns": [
         {
            "Desc": "The guid of the channel <u>string</u>."
         }
      ],
      "Usage": "iguana.channelGuid()",
      "Parameters": [],
      "Examples": [
         "<pre>local Guid = iguana.channelGuid()</pre>",
      ],
      "SeeAlso": [
         {
            "Title": "The iguana module - interacting with Iguana's run-time system",
            "Link": "http://help.interfaceware.com/api/?v=6.0.0#iguana"
         },
         {
            "Title": "Get the name or guid for a channel",
            "Link": "http://help.interfaceware.com/code/details/get-the-name-or-guid-for-a-channel?v=6.0.0"
         },
      ],
      "Desc": "Get the guid of the channel this translator instance belongs to."
   },
   "isTest": {
      "Title": "iguana.isTest",
      "SummaryLine": "Determine if this script is running in the editor (test mode).",
      "Returns": [
         {
            "Desc": "True if this script is running in the editor false otherwise <u>boolean</u>."
         }
      ],
      "Usage": "iguana.isTest()",
      "Parameters": [],
      "Examples": [
         "<pre>if iguana.isTest() then\n   -- do stuff that I do not want to run live\nend</pre>",
         "<pre>if not iguana.isTest() then\n   -- do stuff that I do not want to run in the editor (test mode)\nend</pre>"
      ],
      "SeeAlso": [
         {
            "Title": "The iguana module - interacting with Iguana's run-time system",
            "Link": "http://help.interfaceware.com/api/?v=6.0.0#iguana"
         },
         {
            "Title": "Modify the behaviour of code for test or production",
            "Link": "http://help.interfaceware.com/v6/modify-the-behaviour-of-the-code-when-running-in-test-and-production?v=6.0.0"
         },
         {
            "Title": "Prevent code from running in the editor",
            "Link": "http://help.interfaceware.com/code/details/prevent-code-from-running-in-the-editor?v=6.0.0"
         },
         {
            "Title": "Prevent code from running in a live channel",
            "Link": "http://help.interfaceware.com/code/details/prevent-code-from-running-in-a-live-channel?v=6.0.0"
         },
         {
            "Title": "Faster Editor code execution",
            "Link": "http://help.interfaceware.com/v6/improving-iguana-editor-performance?v=6.0.0#menu3"
         },
         {
            "Title": "Using isTest() to prevent accidentally updating live data",
            "Link": "http://help.interfaceware.com/using-istest-to-prevent-accidentally-updating-live-data.html?v=6.0.0"
         },
         {
            "Title": "Building a custom GUI to configure a template",
            "Link": "http://help.interfaceware.com/building-a-custom-gui-to-configure-a-template.html?v=6.0.0"
         }
      ],
      "Desc": "Determine if this script is running in the editor (test mode). Returns true when your script is running in the Translator editor (test mode), when it is running in a live channel it returns false.<br><br>This function can be very handy when you want to avoid running code while editing. For instance, you may not actually want to wait out a call to util.sleep() while you edit your code."
   },
   "appDir": {
      "Title": "iguana.appDir",
      "SummaryLine": "Get the directory where the Iguana executable resides.",
      "Returns": [
         {
            "Desc": "The directory name <u>string</u>."
         }
      ],
      "Usage": "iguana.appDir()",
      "Parameters": [],
      "Examples": [
         "<pre>-- make a temporary directory under the install directory\niguana.appDir()\nlocal mydir = iguana.workingDir()..[[temp_data\\]]\nos.mkdir(mydir)</pre>"
      ],
      "SeeAlso": [
          {
             "Title": "The iguana module - interacting with Iguana's run-time system",
             "Link": "http://help.interfaceware.com/api/?v=6.0.0#iguana"
          },
          {
             "Title": "Iguana ID & License Info",
             "Link": "http://help.interfaceware.com/v6/current-license-information?v=6.0.0"
          }
      ],
      "Desc": "Get the directory where the Iguana executable resides."
   },
   "id": {
      "Title": "iguana.id",
      "SummaryLine": "Get the 'IguanaID' of the Iguana server as used for licensing.",
      "Examples": [
         "<pre>local licenceID = iguana.id()</pre>"
      ],
      "Returns": [
         {
            "Desc": "The ID  <u>string</u>."
         }
      ],
      "Usage": "iguana.id()",
      "Parameters": [],
      "SeeAlso": [
          {
             "Title": "The iguana module - interacting with Iguana's run-time system",
             "Link": "http://help.interfaceware.com/api/#iguana"
         },
         {
            "Title": "Iguana ID & License Info",
            "Link": "http://help.interfaceware.com/v6/current-license-information?v=6.0.0"
        }
      ],
      "Desc": "Get the 'IguanaID' of the Iguana server as used for licensing."
   },
   "version": {
      "Title": "iguana.version",
      "SummaryLine": "Get the version info of Iguana.",
      "Examples": [
         "-- Enforce a policy whereby interfaces must be reviewed whenever\n-- the version of Iguana installed is changed.\nlocal versionInfo = iguana.version()\nif tostring(versionInfo) ~= '5.5.1' then\n   error('This script has only been verified for usage with Iguana version 5.5.1. ' ..\n      'Please review the interface before attempting to run the channel again.')\nend"
      ],
      "Returns": [
         {
            "Desc": "Iguana version information  <u>table</u>."
         }
      ],
      "Usage": "iguana.version()",
      "Parameters": [],
      "SeeAlso": [
          {
             "Title": "The iguana module - interacting with Iguana's run-time system",
             "Link": "http://help.interfaceware.com/api/#iguana"
          },
          {
             "Title": "Displaying the Iguana Version",
             "Link": "http://help.interfaceware.com/v6/managing-servers-from-the-dashboard?v=6.0.0#display"
          },
          {
             "Title": "Get the Iguana version number",
             "Link": "http://help.interfaceware.com/code/details/get-the-iguana-version-number?v=6.0.0"
          },
          {
             "Title": "Iguana Info in the Tools repository",
             "Link": "http://help.interfaceware.com/v6/iguana-info?v=6.0.0"
          }
      ],
      "Desc": "Returns a table containing the version information for Iguana.<br><br>The table contains three fields, which make up the version info as a whole: the major number, the minor number, and the build number."
   },

   "status": {
      "Title": "iguana.status",
      "SummaryLine": "Returns an XML summary of Iguana's runtime state (like web api <code>/monitor_query</code>).",
      "Examples": [
         "local Xml = iguana.status()\r\nlocal S = xml.parse{data=Xml}"
      ],
      "Returns": [
         {
            "Desc": "A string containing the XML summary of the channel status."
         }
      ],
      "Usage": "local Xml = iguana.status()",
      "Parameters": [],
      "SeeAlso": [
          {
             "Title": "The iguana module - interacting with Iguana's run-time system",
             "Link": "http://help.interfaceware.com/api/?v=6.0.0#iguana"
          },
          {
             "Title": "monitor_query - Retrieve Iguana Performance Statistics",
             "Link": "http://help.interfaceware.com/v6/http-api-reference?v=6.0.0#menu3"
          },
          {
             "Title": "Get Iguana runtime status",
             "Link": "http://help.interfaceware.com/code/details/get-iguana-runtime-status?v=6.0.0"
          },
          {
             "Title": "Set channel dashboard status",
             "Link": "http://help.interfaceware.com/code/details/set-status-for-a-channel?v=6.0.0"
          },
          {
             "Title": "Control Panel > Status",
             "Link": "http://help.interfaceware.com/v6/use-the-control-panel?v=6.0.0#status"
          }
      ],
      "Desc": "Returns an XML summary of Iguana's runtime state (the same as that returned by the web api <code>/monitor_query</code>).<br><br>This function is quite handy since it's much easier to use than the equivalent web api call."
    },
   "webInfo": {
      "Title": "iguana.webInfo",
      "SummaryLine": "Information on Iguana's web server and the HTTP channel server.",
      "Examples": [
         "local T = iguana.webInfo()"
      ],
      "Returns": [
         {
            "Desc": "A Lua table containing the data."
         }
      ],
      "Usage": "local T = iguana.webInfo()",

      "Parameters": [],
      "SeeAlso": [
          {
             "Title": "The iguana module - interacting with Iguana's run-time system",
             "Link": "http://help.interfaceware.com/api/?v=6.0.0#iguana"
          },
          {
             "Title": "Get Iguana web server configuration",
             "Link": "http://help.interfaceware.com/code/details/get-iguana-web-server-configuration?v=6.0.0"
          },
          {
             "Title": "Load and Save a File",
             "Link": "http://help.interfaceware.com/v6/load-and-save-a-file?v=6.0.0"
          },
          {
             "Title": "Read a directory",
             "Link": "http://help.interfaceware.com/v6/read-a-directory?v=6.0.0"
          },
          {
             "Title": "Control Panel > Web Server",
             "Link": "http://help.interfaceware.com/v6/web-server?v=6.0.0"
          }
      ],
      "Desc": "Returns a table containing the local Iguana web server and HTTP channel server configuration.<br><br>This is helpful for scripts that access the Iguana web API (because you can find the right ports etc. programatically)."
    },
}
