{
   "parse": {
      "Desc": "Parses an XML document.",
      "Usage": "xml.parse{data=&#60;value&#62;} <b>or</b> xml.parse(&#60;value&#62;)",
      "SeeAlso": [
         {
            "Title": "The xml module - working with XML",
            "Link": "http://help.interfaceware.com/api/?v=6.0.0#xml_parse"
         },
         {
            "Title": "Node types for Iguana node trees",
            "Link": "http://help.interfaceware.com/v6/node-types-for-iguana-node-trees?v=6.0.0"
         },
         {
            "Title": "CDA: Generate Document",
            "Link": "http://help.interfaceware.com/v6/generate-a-cda-document?v=6.0.0"
         },
         {
            "Title": "Connecting to web services ",
            "Link": "http://help.interfaceware.com/v6/connecting-to-web-services?v=6.0.0"
         },
         {
            "Title": "Monitoring an Iguana Instance with Iguana",
            "Link": "http://help.interfaceware.com/v6/web-service-faqs?v=6.0.0#monitoring-an-iguana-instance-using-the-iguana-web-service-api"
         },
         {
            "Title": "Serializing as XML",
            "Link": "http://help.interfaceware.com/v6/dehydrating-and-rehydrating-hl7-messages?v=6.0.0#xml"
         }
      ],
      "Title": "xml.parse",
      "SummaryLine": "Parses an XML document.",
      "Returns": [
         {
            "Desc": "An XML tree containing the parsed data  <u>xml node tree</u>."
         }
      ],
      "ParameterTable": true,
      "Examples": [
         "local Msg = xml.parse{data=Data}"
      ],
      "Parameters": [
         {
            "data": {
               "Desc": "The XML to be parsed <u>string</u>."
            }
         }
      ]
   }
}
