{
   "enc": {
      "Title": "filter.base64.enc",
      "SummaryLine": "Encode data as Base64.",
      "Returns": [
         {
            "Desc": "An encoded string (or stream) <u>string or stream</u>."
         }
      ],
      "Usage": "filter.base64.enc(data)",
      "Parameters": [
         {
            "data": {
               "Desc": "The string (or stream) to encode <u>string or stream</u>."
            }
         }
      ],
      "SeeAlso": [
         {
            "Title": "The filter modules - encoding, encryption and compression",
            "Link": "http://help.interfaceware.com/api/#filter?v=6.0.0"
         },
         {
            "Title": "Streaming and Filtering Data",
            "Link": "http://help.interfaceware.com/streaming-and-filtering-data.html?v=6.0.0"
         }
      ],
      "Examples": [
         "<pre>local Enc = filter.base64.enc(data)</pre>"
      ],
      "Desc": "Encode data as Base64."
   },
   "dec": {
      "Title": "filter.base64.dec",
      "SummaryLine": "Decode Base64 encoded data.",
      "Returns": [
         {
            "Desc": "A decoded string (or stream) <u>string or stream</u>."
         }
      ],
      "Usage": "filter.base64.dec(data)",
      "SeeAlso": [
         {
            "Title": "The filter modules - encoding, encryption and compression",
            "Link": "http://help.interfaceware.com/api/#filter?v=6.0.0"
         },
         {
            "Title": "Streaming and Filtering Data",
            "Link": "http://help.interfaceware.com/streaming-and-filtering-data.html?v=6.0.0"
         }
      ],
      "Parameters": [
         {
            "data": {
               "Desc": "The string (or stream) to decode <u>string or stream</u>."
            }
         }
      ],
      "Examples": [
         "<pre>local Enc = filter.base64.dec(data)</pre>"
      ],
      "Desc": "Decode Base64 encoded data."
   }
}
