{
   "inflate": {
      "Title": "filter.zip.inflate",
      "SummaryLine": "Decompress ZIP file data into table form.",
      "Returns": [
         {
            "Desc": "A table containing the directory hierarchy from a decompressed string (or stream) <u>table</u>."
         }
      ],
      "Usage": "filter.zip.inflate(data)",
      "Parameters": [
         {
            "data": {
               "Desc": "The string (or stream) to decompress <u>string or stream</u>."
            }
         }
      ],
      "SeeAlso": [
         {
            "Title": "The filter modules - encoding, encryption and compression",
            "Link": "http://help.interfaceware.com/api/?v=6.0.0#filter"
         },
         {
            "Title": "Streaming and Filtering Data",
            "Link": "http://help.interfaceware.com/streaming-and-filtering-data.html?v=6.0.0"
         }
      ],
      "Examples": [
         "<pre>local T = filter.zip.inflate(data)</pre>"
      ],
      "Desc": "Decompress ZIP data.<br><br>The decompressed file contents are returned in an hierarchical structure reflecting the directory structure within the ZIP file. Directory and file names are represented as <i>table keys</i> and data as <i>table values</i>."
   },
   "deflate": {
      "Title": "filter.zip.deflate",
      "SummaryLine": "Compress a table into binary ZIP data.",
      "Returns": [
         {
            "Desc": "A binary string containing the compressed zip data <u>string</u>."
         }
      ],
      "Usage": "filter.zip.deflate(table)",
      "Parameters": [
         {
            "table": {
               "Desc": "The table of files and directories and their contents (directories may be nested) <u>table</u>."
            }
         }
      ],
      "SeeAlso": [
         {
            "Title": "The filter modules - encoding, encryption and compression",
            "Link": "http://help.interfaceware.com/api/?v=6.0.0#filter"
         },
         {
            "Title": "Streaming and Filtering Data",
            "Link": "http://help.interfaceware.com/streaming-and-filtering-data.html?v=6.0.0"
         }
      ],
      "Examples": [
         "<pre>local T = filter.zip.deflate(table)</pre>"
      ],
      "Desc": "Compress ZIP data."
   }
}
