{
   "send": {
      "Parameters": [
         {
            "ack": {
               "Desc": "The ACK to send <u>string</u>."
            }
         }
      ],
      "SeeAlso": [
         {
            "Title": "The ack module - create and send ACK messages",
            "Link": "http://help.interfaceware.com/api/?v=6.0.0#ack"
         },
         {
            "Title": "Custom ACKs in Iguana",
            "Link": "http://help.interfaceware.com/v6/custom-acks?v=6.0.0"
         }
      ],
      "Title": "ack.send",
      "SummaryLine": "Sends an ACK message.",
      "Usage": "ack.send(ack)",
      "Returns": [],
      "Examples": [
         "<pre>ack.send(Ack)</pre>"
      ],
      "Desc": "Specify the ACK message to send (or nil), it can be created using ack.generate() or built from scratch. If given an empty string or nil, no ACK will be sent.<br><br><b>Note:</b> This function will only work in the script of an LLP Listener Source <a href=\"http://help.interfaceware.com/v6/custom-acks?v=6.0.0#menu2\">with <b>ACKnowledgement Setting&gt;ACK</b> = \"Translator\"</a>. If you try to use it in another component it will give the following error: \"attempt to index global 'ack' (a nil value)\" (meaning the ack module is not available)."
   },
   "generate": {
      "Parameters": [
         {
            "msg": {
               "Desc": "The HL7 message to be ACKed <u>string</u>."
            }
         }
      ],
      "SeeAlso": [
         {
            "Title": "The ack module - create and send ACK messages",
            "Link": "http://help.interfaceware.com/api/?v=6.0.0#ack"
         },
         {
            "Title": "Custom ACKs in Iguana",
            "Link": "http://help.interfaceware.com/v6/custom-acks?v=6.0.0#intro?"
         }
      ],
      "Title": "ack.generate",
      "SummaryLine": "Generate a 'Fast-ACK' for the given message.",
      "Usage": "ack.generate(msg)",
      "Returns": [
         {
            "Desc": "The generated ACK <u>string</u>."
         },
         {
            "Desc": "A Boolean indicating success or failure (true if data was copied from the message to the ACK - false otherwise) <u>boolean</u>."
         }
      ],
      "Examples": [
         "<pre>local Ack, Result = ack.generate(Data)</pre>"
      ],
      "Desc": "Generate a 'Fast-ACK' for the given message. Creates an ACK message using Iguana's Fast ACK internal acknowledgment message generator. (This is identical to the Fast ACK that can be specified in an <a rel=\"nofollow\" href=\"http://help.interfaceware.com/v6/llp-listener?v=6.0.0\">LLP Listener</a> source component.)<br><br><b>Note:</b> This function is intended to be used in the script of an LLP Listener Source <a href=\"http://help.interfaceware.com/v6/custom-acks?v=6.0.0#menu2?\">with <b>ACKnowledgement Settings&gt;ACK</b> = \"Translator\"</a>."
   }
}
