{
   "init": {
      "Title": "dbs.init",
      "Desc": "Loads multiple groups of table layouts from a file or a string.  The file is usually named with .dbs extension. For good execution performance, this function should be executed before main().",
      "SummaryLine": "Returns a instance containing groups of table layouts",
      "Usage": "dbs.init{filename='value'}",
      "Examples": [
         "<pre>local DbsSchema = dbs.init{filename='table.dbs'}\nfunction main(Data)\n\tlocal TableSet = DbsSchema:tables('ADT')\nend</pre>",
      ],
      "Parameters": [
         {
            "definition": {
               "Desc": "dbs schema definition as inline <u>string</u>.",
               "Opt":true
            },
         },
         {
            "filename": {
               "Desc": "Name of the dbs file containing schema definition <u>string</u>.",
               "Opt":true
            }
         },
      ],
      "Returns": [
         {
            "Desc": "Instance containing groups of table layouts",
         },
      ],
      "ParameterTable": true,
      "SeeAlso": [
         {
            "Title": "The db_connection module - new database methods",
            "Link": "http://help.interfaceware.com/api/?v=6.0.0#db_db_connection",
         },
         {
            "Title": "Node types for Iguana node trees",
            "Link": "http://help.interfaceware.com/v6/node-types-for-iguana-node-trees?v=6.0.0",
         },
      ],
   }
}
