{
   "dec": {
      "Returns": [
         {
            "Desc": "A string (or stream) re-encoded in UTF-8 <u>string or stream</u>."
         }
      ],
      "Title": "iconv.cp1252.dec",
      "SummaryLine": "Convert character encoding from CP1252 to UTF-8.",
      "Parameters": [
         {
            "data": {
               "Desc": "The string or stream in CP1252 encoding. <u>string or stream</u>."
            }
         }
      ],
      "Usage": "iconv.cp1252.dec(data)",
      "Examples": [
         "<pre>local Utf8Data = iconv.cp1252.dec(\"\\128\")\ntrace(Utf8Data)\n--&gt; &euro;</pre>"
      ],
      "SeeAlso": [
          {
             "Title": "The iconv modules - convert character strings between different character encoding",
             "Link": "http://help.interfaceware.com/api/?v=6.0.0#iconv"
          },
          {
             "Title": "The filter modules - encoding, encryption and compression",
             "Link": "http://help.interfaceware.com/api/?v=6.0.0#filter"
          },
          {
             "Title": "Streaming and Filtering Data",
             "Link": "http://help.interfaceware.com/streaming-and-filtering-data.html?v=6.0.0"
          },
          {
             "Title": "Additional information on iconv",
             "Link": "http://help.interfaceware.com/v6/use-iconv-to-change-character-string-encoding?v=6.0.0"
          },
          {
             "Title": "Wikipedia iconv entry",
             "Link": "https://en.wikipedia.org/wiki/Iconv"
          }
      ],
      "Desc": "Convert the character encoding of the supplied data from CP1252 to UTF-8."
   },
   "enc": {
      "Returns": [
         {
            "Desc": "A string (or stream) re-encoded in CP1252 <u>string or stream</u>."
         }
      ],
      "Title": "iconv.cp1252.enc",
      "SummaryLine": "Convert character encoding from UTF-8 to CP1252.",
      "Parameters": [
         {
            "data": {
               "Desc": "The string or stream in UTF-8 encoding. <u>string or stream</u>."
            }
         }
      ],
      "Usage": "iconv.cp1252.enc(data)",
      "Examples": [
         "<pre>local Cp1252Data = iconv.cp1252.enc(\"&euro;\")\ntrace(Cp1252Data)\n--&gt; \\128</pre>"
      ],
      "SeeAlso": [
          {
             "Title": "The iconv modules - convert character strings between different character encoding",
             "Link": "http://help.interfaceware.com/api/?v=6.0.0#iconv"
          },
          {
             "Title": "The filter modules - encoding, encryption and compression",
             "Link": "http://help.interfaceware.com/api/?v=6.0.0#filter"
          },
          {
             "Title": "Streaming and Filtering Data",
             "Link": "http://help.interfaceware.com/streaming-and-filtering-data.html?v=6.0.0"
          },
          {
             "Title": "Additional information on iconv",
             "Link": "http://help.interfaceware.com/v6/use-iconv-to-change-character-string-encoding?v=6.0.0"
          },
          {
             "Title": "Wikipedia iconv entry",
             "Link": "https://en.wikipedia.org/wiki/Iconv"
          }
      ],
      "Desc": "Convert the character encoding of the supplied data from UTF-8 to CP1252."
   }
}
