{
   "tables": {
      "Title": "tables",
      "Desc": "Creates a set of empty record tables, which can be used with db.merge.",
      "SummaryLine": "Creates a set of empty record tables, which can be used with db.merge.",
      "Usage": "obj:tables() <b>or</b> obj:tables(name)",
      "Examples": [
         "<pre>local DbsSchema = dbs.init{filename='table.dbs'}\nfunction main(Data)\n   local TableSet = DbsSchema:tables('ADT')\nend</pre>",
         "<pre>local DbsSchema = dbs.init{definition='table Patient (Id string, FirstName string, LastName string, Gender string, key(Id));'}\nfunction main(Data)\n   local TableSet = DbsSchema:tables()\nend</pre>",
      ],
      "Parameters": [
         {
            "name": {
               "Desc": "Name of specific table grouping <u>string</u>.",
               "Opt": true
            }
         },
      ],
      "Returns": "The set of empty record tables <u>table_collection node tree</u>.",
      "ParameterTable": false,
      "SeeAlso": [
         {
            "Title": "The db_connection module - new database methods",
            "Link": "http://help.interfaceware.com/api/?v=6.0.0#db_db_connection"
         },
         {
            "Title": "Node types for Iguana node trees",
            "Link": "http://help.interfaceware.com/v6/node-types-for-iguana-node-trees?v=6.0.0"
         }
      ]
   },
}
