{
   "dec": {
      "Returns": [
         {
            "Desc": "A string (or stream) re-encoded in UTF-8 <u>string or stream</u>."
         }
      ],
      "Title": "iconv.iso8859_1.dec",
      "SummaryLine": "Convert character encoding from ISO 8859-1 to UTF-8.",
      "Parameters": [
         {
            "data": {
               "Desc": "The string or stream in ISO 8859-1 encoding. <u>string or stream</u>."
            }
         }
      ],
      "Usage": "iconv.iso8859_1.dec(data)",
      "Examples": [
         "<pre>local Utf8Data = iconv.iso8859_1.dec(\"\\177\")\ntrace(Utf8Data)\n--&gt; &plusmn</pre>"
      ],
      "SeeAlso": [
          {
             "Title": "The iconv modules - convert character strings between different character encoding",
             "Link": "http://help.interfaceware.com/api/?v=6.0.0#iconv"
          },
          {
             "Title": "The filter modules - encoding, encryption and compression",
             "Link": "http://help.interfaceware.com/api/?v=6.0.0#filter"
          },
          {
             "Title": "Streaming and Filtering Data",
             "Link": "http://help.interfaceware.com/streaming-and-filtering-data.html?v=6.0.0"
          },
          {
             "Title": "Additional information on iconv",
             "Link": "http://help.interfaceware.com/v6/use-iconv-to-change-character-string-encoding?v=6.0.0"
          },
          {
             "Title": "Wikipedia iconv entry",
             "Link": "https://en.wikipedia.org/wiki/Iconv"
          }
      ],
      "Desc": "Convert the character encoding of the supplied data from ISO 8859-1 to UTF-8."
   },
   "enc": {
      "Returns": [
         {
            "Desc": "A string (or stream) re-encoded in ISO 8859-1 <u>string or stream</u>."
         }
      ],
      "Title": "iconv.iso8859_1.enc",
      "SummaryLine": "Convert character encoding from UTF-8 to ISO 8859-1.",
      "Parameters": [
         {
            "data": {
               "Desc": "The string or stream in UTF-8 encoding. <u>string or stream</u>."
            }
         }
      ],
      "Usage": "iconv.iso8859_1.enc(data)",
      "Examples": [
         "<pre>local Iso8859_1Data = iconv.iso8859_1.enc(\"&plusmn\")\ntrace(Iso8859_1Data)\n--&gt; \\177</pre>"
      ],
      "SeeAlso": [
          {
             "Title": "The iconv modules - convert character strings between different character encoding",
             "Link": "http://help.interfaceware.com/api/?v=6.0.0#iconv"
          },
          {
             "Title": "The filter modules - encoding, encryption and compression",
             "Link": "http://help.interfaceware.com/api/?v=6.0.0#filter"
          },
          {
             "Title": "Streaming and Filtering Data",
             "Link": "http://help.interfaceware.com/streaming-and-filtering-data.html?v=6.0.0"
          },
          {
             "Title": "Additional information on iconv",
             "Link": "http://help.interfaceware.com/v6/use-iconv-to-change-character-string-encoding?v=6.0.0"
          },
          {
             "Title": "Wikipedia iconv entry",
             "Link": "https://en.wikipedia.org/wiki/Iconv"
          }
      ],
      "Desc": "Convert the character encoding of the supplied data from UTF-8 to ISO 8859-1."
   }
}
