{
   "delete": {
      "Returns": [
         {
            "Desc": "True if successful false is never returned, errors are thrown instead <u>boolean</u>"
         },
         {
            "Desc": "Debug information (if requested) <u>string</u>."
         }
      ],
      "ParameterTable": true,
      "Title": "net.ftps.delete",
      "SummaryLine": "Deletes a file (or files) from the specified ftp server.",
      "Parameters": [
         {
            "remote_path": {
               "Desc": "The name of the file(s) to be deleted on the remote server <u>string</u>.<br /><br /><strong>Note</strong>: The file name may include a path and/or an extension, and you can use wildcards for multiple files (but none of these are required)"
            }
         },
         {
            "debug": {
               "Desc": "When true return verbose debug information, errors thrown will also contain debug information (default = false) <u>boolean</u>.",
               "Opt": true
            }
         }
      ],
      "SeeAlso": [
         {
            "Title": "Using File and FTP Interfaces",
            "Link": "http://help.interfaceware.com/v6/file-and-ftp-interfaces?v=6.0.0"
         },
         {
            "Title": "The net API reference: File transfer and email using the FTP, FTPS, HTTP, SFTP and SMTP message protocols",
            "Link": "http://help.interfaceware.com/api/?v=6.0.0#net"
         },
         {
            "Title": "Read from FTP site in the in the Iguana Files repository",
            "Link": "http://help.interfaceware.com/v6/read-from-ftp-site?v=6.0.0"
         },
         {
            "Title": "Using ftp",
            "Link": "http://help.interfaceware.com/code/details/using-ftp?v=6.0.0"
         },
         {
            "Title": " Using the ftp list command ",
            "Link": "http://help.interfaceware.com/v6/using-the-ftp-list-command?v=6.0.0"
         },
         {
            "Title": "Wikipedia: File Transfer Protocols (ftp)",
            "Link": "http://en.wikipedia.org/wiki/File_Transfer_Protocol"
         },
         {
            "Title": "Understanding Lua OO syntax: what the colon operator means",
            "Link": "http://help.interfaceware.com/v6/eliots-tips-and-tricks?v=6.0.0#colon"
         }
      ],
      "Usage": "FtpsConn:delete{remote_path=&#60;value&#62; [, debug=&#60;value&#62;]}",
      "Examples": [
         "<pre>local FtpsConn = net.ftps.init{server='example', username='user', password='password'}\n-- recommended usage:\nFtpsConn:delete{remote_path='afile.txt'}\n\n-- which is shorthand for:\nnet.ftps.delete(FtpsConn, {remote_path='afile.txt'})</pre>",
         "-- delete a file<br />FtpsConn:delete{remote_path='/fox_out/test.txt'}",
         "-- use the 'live' parameter to delete a file in the editor<br /><br />-- cache the connection parameters, set live = true<br />local FtpsConn = net.ftps.init{server='foxton_ftps', username='test_ftps',password='secret', live=true}<br /><br />-- delete the file<br />FtpsConn:delete{remote_path='/fox_out/test.txt'}"
      ],
      "Desc": "Deletes a file (or files) from the ftp server specified by the <b>FtpConn</b> connection handle.<br><br><b>Note:</b> Use <code>net.ftps.init{}</code> to create a connection handle."
   },
   "put": {
      "Returns": [
         {
            "Desc": "True if successful false is never returned, errors are thrown instead <u>boolean</u>"
         },
         {
            "Desc": "Debug information (if requested) <u>string</u>."
         }
      ],
      "ParameterTable": true,
      "Title": "net.ftps.put",
      "SummaryLine": "Put a single file on the specified server.",
      "Parameters": [
         {
            "remote_path": {
               "Desc": "The name to be used for the uploaded file on the remote server <u>string</u>.<br /><br /><strong>Note</strong>: The file name may include a path and/or an extension (but neither of these are required)"
            }
         },
         {
            "data": {
               "Desc": "Data to upload <u>string</u>.",
               "Opt": true
            }
         },
         {
            "local_path": {
               "Desc": "The name of a local file to be uploaded to the remote server. If specified, the 'data' parameter is ignored <u>string</u>.<br /><br /><strong>Note</strong>: The file name may include a path and/or an extension (but neither of these are required)",
               "Opt": true
            }
         },
         {
            "overwrite": {
               "Desc": "Allow remote_path to be overwritten if it already exists (default = false) <u>boolean</u>.",
               "Opt": true
            }
         },
         {
            "tmp_postfix": {
               "Desc": "If not nil the file will first be uploaded as remote_path..tmp_postfix, and then renamed remote_path. Useful to ensure remote processes do not read a partially uploaded file <u>string</u>.",
               "Opt": true
            }
         },
         {
            "debug": {
               "Desc": "When true return verbose debug information, errors thrown will also contain debug information (default = false) <u>boolean</u>.",
               "Opt": true
            }
         }
      ],
      "SeeAlso": [
         {
            "Title": "Using File and FTP Interfaces",
            "Link": "http://help.interfaceware.com/v6/file-and-ftp-interfaces?v=6.0.0"
         },
         {
            "Title": "The net API reference: File transfer and email using the FTP, FTPS, HTTP, SFTP and SMTP message protocols",
            "Link": "http://help.interfaceware.com/api/?v=6.0.0#net"
         },
         {
            "Title": "Read from FTP site in the in the Iguana Files repository",
            "Link": "http://help.interfaceware.com/v6/read-from-ftp-site?v=6.0.0"
         },
         {
            "Title": "Using ftp",
            "Link": "http://help.interfaceware.com/code/details/using-ftp?v=6.0.0"
         },
         {
            "Title": " Using the ftp list command ",
            "Link": "http://help.interfaceware.com/v6/using-the-ftp-list-command?v=6.0.0"
         },
         {
            "Title": "Wikipedia: File Transfer Protocols (ftp)",
            "Link": "http://en.wikipedia.org/wiki/File_Transfer_Protocol"
         },
         {
            "Title": "Understanding Lua OO syntax: what the colon operator means",
            "Link": "http://help.interfaceware.com/v6/eliots-tips-and-tricks?v=6.0.0#colon"
         }
      ],
      "Usage": "FtpsConn:put{remote_path=&#60;value&#62; [, data=&#60;value&#62;] [, ...]}",
      "Examples": [
         "<pre>local FtpsConn = net.ftps.init{server='example', username='user', password='password'}\n-- recommended usage:\nFtpsConn:put{remote_path='afile.txt', data=Data}\n\n-- which is shorthand for:\nnet.ftps.put(FtpsConn, {remote_path='afile.txt', data=Data})</pre>",
	"--How to upload text and binary files<br /><br />-- cache the connection parameters<br />local FtpsConn = net.ftps.init{server='foxton_ftps', username='test_ftps',password='secret'}<br /><br />-- put (upload) a text file (opens/closes an ASCII connection)<br />FtpsConn:put{remote_path='/fox_in/test.png',local_path='temp/test.txt'}<br /><br />-- put (upload) a binary (picture) file (opens/closes a binary connection) <br />FtpsConn:put{remote_path='/fox_in/test.png',local_path='temp/test.png'}"
      ],
      "Desc": "Put a single file on the ftp server specified by the <b>FtpConn</b> connection handle.<br><br><b>Note:</b> Use <code>net.ftps.init{}</code> to create a connection handle.<br /><br />The local_path is relative to the Iguana install directory. So the absolute path for 'temp/myfile.txt' is something like 'c:/program files/interfaceware/iguana/temp/myfile.txt (Windows), or '/Users/julianmuir/Downloads/temp/myfile.txt' (Mac/Linux). You can also specify an absolute path.<br /><br /><strong>Note</strong>: The file type is detected and the correct transfer mode, 'ascii' (text) or 'binary', is chosen automatically."
   },
   "init": {
      "Returns": [
         {
            "Desc": "A connection object <u>table</u>."
         }
      ],
      "ParameterTable": true,
      "Title": "net.ftps.init",
      "SeeAlso": [
         {
            "Title": "Using File and FTP Interfaces",
            "Link": "http://help.interfaceware.com/v6/file-and-ftp-interfaces?v=6.0.0"
         },
         {
            "Title": "The net API reference: File transfer and email using the FTP, FTPS, HTTP, SFTP and SMTP message protocols",
            "Link": "http://help.interfaceware.com/api/?v=6.0.0#net"
         },
         {
            "Title": "Read from FTP site in the in the Iguana Files repository",
            "Link": "http://help.interfaceware.com/v6/read-from-ftp-site?v=6.0.0"
         },
         {
            "Title": "Using ftp",
            "Link": "http://help.interfaceware.com/code/details/using-ftp?v=6.0.0"
         },
         {
            "Title": " Using the ftp list command ",
            "Link": "http://help.interfaceware.com/v6/using-the-ftp-list-command?v=6.0.0"
         },
         {
            "Title": "Wikipedia: File Transfer Protocols (ftp)",
            "Link": "http://en.wikipedia.org/wiki/File_Transfer_Protocol"
         }
      ],
      "SummaryLine": "Initializes a new FTPS connection (FTP over SSL/TLS).",
      "Parameters": [
         {
            "server": {
               "Desc": "The server to connect to <u>string</u>."
            }
         },
         {
            "username": {
               "Desc": "The remote user to login as <u>string</u>."
            }
         },
         {
            "password": {
               "Desc": "The password to authenticate with <u>string</u>.",
               "Opt": true
            }
         },
         {
            "port": {
               "Desc": "The port to use (default = 22) <u>integer</u>.",
               "Opt": true
            }
         },
         {
            "timeout": {
               "Desc": "Timeout for operations (default = 15 seconds) <u>integer</u>.",
               "Opt": true
            }
         },
         {
            "live": {
               "Desc": "Enable write operations (put, rename, delete) while in the editor (default = false) <u>boolean</u>.",
               "Opt": true
            }
         },
         {
            "active": {
               "Desc": "Open a local port for active FTP mode, and send a PORT command with the given local IP/hostname (or network interface on Unix).  Use '-' for the default local IP address and a random port.  A particular port or range of ports to use can be added after the IP/hostname, e.g. ':32000', '192.168.1.2:32000' or 'eth0:32000-33000'.  Note that '-:32000' is not valid; omit the hyphen when specifying a port for the default IP. <u>string</u>.",
               "Opt": true
            }
         },
         {
            "no_eprt": {
               "Desc": "Active mode: do not try EPRT or LPRT before trying PORT (default = false) <u>boolean</u>.",
               "Opt": true
            }
         },
         {
            "no_epsv": {
               "Desc": "Passive mode: do not try EPSV before PASV, just use PASV (default = false) <u>boolean</u>.",
               "Opt": true
            }
         },
         {
            "skip_pasv_ip": {
               "Desc": "Passive mode: ignore the IP address sent by the server; instead open the new port on the same machine (default = false) <u>boolean</u>.",
               "Opt": true
            }
         },
         {
            "use_pret": {
               "Desc": "Send a non-standard PRET command before PASV or EPSV (default = false) <u>boolean</u>.",
               "Opt": true
            }
         },
         {
            "alt_auth": {
               "Desc": "Command to send when USER/PASS authentication fails <u>string</u>.",
               "Opt": true
            }
         },
         {
            "acct": {
               "Desc": "Account data to send when asked by some atypical servers <u>string</u>.",
               "Opt": true
            }
         },
         {
            "on_ready": {
               "Desc": "An array of commands to be issued after setting the transfer mode, before any actual transfers are started <u>table</u>.",
               "Opt": true
            }
         },
         {
            "certificate_file": {
               "Desc": "The name of your certificate file <u>string</u>.",
               "Opt": true
            }
         },
         {
            "certificate_type": {
               "Desc": "Your certificate's type: PEM (default) or DER <u>string</u>.",
               "Opt": true
            }
         },
         {
            "private_key_file": {
               "Desc": "The name of your private key file <u>string</u>.",
               "Opt": true
            }
         },
         {
            "private_key_pass": {
               "Desc": "The password to access your private key <u>string</u>.",
               "Opt": true
            }
         },
         {
            "private_key_type": {
               "Desc": "Your private key's type: PEM (default), DER, or ENG <u>string</u>.",
               "Opt": true
            }
         },
         {
            "ssl_engine": {
               "Desc": "The engine to use with 'key_type' ENG <u>string</u>.",
               "Opt": true
            }
         },
         {
            "verify_peer": {
               "Desc": "Verify peer certificate (default = true) <u>boolean</u>.",
               "Opt": true
            }
         },
         {
            "verify_host": {
               "Desc": "Verify host certificate matches URL (default = true) <u>boolean</u>.",
               "Opt": true
            }
         },
         {
            "ca_file": {
               "Desc": "The certificate(s) file to use for peer verification <u>string</u>.",
               "Opt": true
            }
         },
         {
            "issuer_cert": {
               "Desc": "The PEM certificate file to validate the issuer of the peer's certificate during peer validation <u>string</u>.",
               "Opt": true
            }
         },
         {
            "crl_file": {
               "Desc": "The name of the certificate revocation list to use during peer validation <u>string</u>.",
               "Opt": true
            }
         },
         {
            "ssl_version": {
               "Desc": "use a particular SSL version(s). Possible values are ssl-v3, tls-v1, tls-v1.1, tls-v1.2. Default behaviour is to try tls-v1.2 then tls-v1.1. ssl-v2 is no longer supported and ssl-v3 won't be used unless specified. Specifying tls-v1 will allow connections to use all tls versions (starting with tls-v1.2 down to tls-v1.0).<u>string</u>.",
               "Opt": true
            }
         },
         {
            "cipher_list": {
               "Desc": "Provide a list of ciphers in OpenSSL format to use. By default Iguana uses a list selected for optimal security. <u>string</u>",
               "Opt": true
            }
         },
         {
            "ssl_auth": {
               "Desc": "Use 'ssl' to try AUTH SSL before AUTH TLS, or 'tls' to try AUTH TLS first then AUTH SSL <u>string</u>.",
               "Opt": true
            }
         },
         {
            "force_ssl": {
               "Desc": "Normally 'yes', but can be changed to 'control' to require SSL on the control connection, or 'no' to allow insecure (non-SSL) connections entirely <u>string</u>.",
               "Opt": true
            }
         },
         {
            "use_ccc": {
               "Desc": "Clear control channel: shutdown SSL/TLS on the control connection after authentication.  If set to 'active' we will initiate the shutdown; use 'passive' to allow the server to start the shutdown <u>string</u>.",
               "Opt": true
            }
         }
      ],
      "Usage": "net.ftps.init{server=&#60;value&#62;, username=&#60;value&#62;, ...}",
      "Examples": [
         "local FtpsConn = net.ftps.init{server='example', username='user', password='password'}",
         "-- cache the connection parameters<br />local FtpsConn = net.ftps.init{server='foxton_ftps', username='test_ftps',password='secret'}<br /><br />-- get (download) a text file (opens/closes an ASCII connection)<br />FtpsConn:get{remote_path='/Users/foxton_ftps/test.png',local_path='temp/test.txt'}<br /><br />-- get (download) a binary (picture) file (opens/closes a binary connection) <br />FtpsConn:get{remote_path='/Users/foxton_ftps/test.png',local_path='temp/test.png'}",
        "-- active connection on default IP & default port<br />local FtpsConn = net.ftps.init{server='foxton_ftps', username='test_ftps',password='secret',active='-'}<br /><br />-- active connection on default IP & default port<br />-- restrict to using IPV4 addressing (no_eprt=true), no_eprt can be added to any of the following commands<br />local FtpsConn = net.ftps.init{server='foxton_ftps', username='test_ftps',password='secret',active='-', no_eprt=true}<br /><br />-- active connection on default IP & port specified<br />local FtpsConn = net.ftps.init{server='foxton_ftps', username='test_ftps',password='secret',active=':32000'}<br /><br />-- active connection on default IP & with local machine name specified<br />local FtpsConn = net.ftps.init{server='foxton_ftps', username='test_ftps',password='secret',active='foxton-pc1'}<br /><br />-- active connection on default IP & with local machine name & port specified<br />local FtpsConn = net.ftps.init{server='foxton_ftps', username='test_ftps',password='secret',active='foxton-pc1:32000'}<br /><br />-- active connection on default IP & with local machine IP specified<br />local FtpsConn = net.ftps.init{server='foxton_ftps', username='test_ftps',password='secret',active='10.211.55.12'}<br /><br />-- active connection on default IP & with local machine IP and port range specified<br />local FtpsConn = net.ftps.init{server='foxton_ftps', username='test_ftps',password='secret',active='10.211.55.12:32000-33000'}
"
      ],
      "Desc": "Initializes a new FTPS connection (FTP over SSL/TLS). The connection defaults to passive mode, you can also create an active connection (using the 'active' parameter). Other options include specifying IPV4 only (using 'no_eprt' or 'no_epsv'), etc.<br /><br />When a command is run the file type is detected and the correct transfer mode, 'ascii' (text) or 'binary', is chosen automatically.<br /><br /><strong>Note</strong>: The 'init' command only caches the connection parameters, it does not open a connection. The actual connections are managed automatically, a connection is opened and closed each time an ftp command is issued (get, put etc). Because of this there never a need to 'close' an FTPS connection.<br /><br />If you need help with the advanced ftp options please <a rel='nofollow' href='http://www.interfaceware.com/contact.html' target='_blank'>contact support</a> at <a rel='nofollow' href='mailto:support@interfaceware.com' target='_blank'>support@interfaceware.com</a>."
   },
   "list": {
      "SeeAlso": [
         {
            "Title": "Using File and FTP Interfaces",
            "Link": "http://help.interfaceware.com/v6/file-and-ftp-interfaces?v=6.0.0"
         },
         {
            "Title": "The net API reference: File transfer and email using the FTP, FTPS, HTTP, SFTP and SMTP message protocols",
            "Link": "http://help.interfaceware.com/api/?v=6.0.0#net"
         },
         {
            "Title": "Read from FTP site in the in the Iguana Files repository",
            "Link": "http://help.interfaceware.com/v6/read-from-ftp-site?v=6.0.0"
         },
         {
            "Title": "Using ftp",
            "Link": "http://help.interfaceware.com/code/details/using-ftp?v=6.0.0"
         },
         {
            "Title": " Using the ftp list command ",
            "Link": "http://help.interfaceware.com/v6/using-the-ftp-list-command?v=6.0.0"
         },
         {
            "Title": "Wikipedia: File Transfer Protocols (ftp)",
            "Link": "http://en.wikipedia.org/wiki/File_Transfer_Protocol"
         },
         {
            "Title": "Understanding Lua OO syntax: what the colon operator means",
            "Link": "http://help.interfaceware.com/v6/eliots-tips-and-tricks?v=6.0.0#colon"
         }
      ],
      "Parameters": [
         {
            "remote_path": {
               "Desc": "The directory path on the remote server to list the contents for <u>string</u>."
            }
         },
         {
            "debug": {
               "Desc": "When true return verbose debug information, errors thrown will also contain debug information (default = false) <u>boolean</u>.",
               "Opt": true
            }
         }
      ],
      "Returns": [
         {
            "Desc": "An array of {filename, is_retrievable} values <u>table</u>."
         },
         {
            "Desc": "Debug information (if requested) <u>string</u>."
         }
      ],
      "Title": "net.ftps.list",
      "SummaryLine": "List the contents of a remote path.",
      "ParameterTable": true,
      "Usage": "FtpsConn:list{remote_path=&#60;value&#62; [, debug=&#60;value&#62;]}",
      "Examples": [
         "<pre>local FtpsConn = net.ftps.init{server='example', username='user', password='password'}\n-- recommended usage:\nFtpsConn:list{remote_path='/'}\n\n-- which is shorthand for:\nnet.ftps.list(FtpsConn, {remote_path='/'})</pre>",
         "FtpConn:list{remote_path=''}          -- users home directory<br />FtpConn:list{remote_path='/'}         -- ftp root directory<br />FtpConn:list{remote_path='/fox_out/'} -- user specified data directory"
      ],
      "Desc": "List the contents of a remote path on the ftp server specified by the <b>FtpConn</b> connection handle.<br><br><b>Note:</b> Use <code>net.ftps.init{}</code> to create a connection handle."
   },
   "rename": {
      "Returns": [
         {
            "Desc": "True if successful false is never returned, errors are thrown instead <u>boolean</u>"
         },
         {
            "Desc": "Debug information (if requested) <u>string</u>."
         }
      ],
      "ParameterTable": true,
      "Title": "net.ftps.rename",
      "SummaryLine": "Renames a single file or directory on the server.",
      "SeeAlso": [
         {
            "Title": "Using File and FTP Interfaces",
            "Link": "http://help.interfaceware.com/v6/file-and-ftp-interfaces?v=6.0.0"
         },
         {
            "Title": "The net API reference: File transfer and email using the FTP, FTPS, HTTP, SFTP and SMTP message protocols",
            "Link": "http://help.interfaceware.com/api/?v=6.0.0#net"
         },
         {
            "Title": "Read from FTP site in the in the Iguana Files repository",
            "Link": "http://help.interfaceware.com/v6/read-from-ftp-site?v=6.0.0"
         },
         {
            "Title": "Using ftp",
            "Link": "http://help.interfaceware.com/code/details/using-ftp?v=6.0.0"
         },
         {
            "Title": " Using the ftp list command ",
            "Link": "http://help.interfaceware.com/v6/using-the-ftp-list-command?v=6.0.0"
         },
         {
            "Title": "Wikipedia: File Transfer Protocols (ftp)",
            "Link": "http://en.wikipedia.org/wiki/File_Transfer_Protocol"
         },
         {
            "Title": "Understanding Lua OO syntax: what the colon operator means",
            "Link": "http://help.interfaceware.com/v6/eliots-tips-and-tricks?v=6.0.0#colon"
         }
      ],
      "Parameters": [
         {
            "remote_path": {
               "Desc": "The <strong>old</strong> name of the file or directory to be renamed on the remote server <u>string</u>.<br /><br /><strong>Note</strong>: The name may include a path and/or an extension (but neither of these are required)"
            }
         },
         {
            "new_remote_path": {
               "Desc": "The <strong>new</strong> name of the file or directory to be renamed on the remote server <u>string</u>.<br /><br /><strong>Note</strong>: The name may include a path and/or an extension (but neither of these are required)"
            }
         },
         {
            "debug": {
               "Desc": "When true return verbose debug information, errors thrown will also contain debug information (default = false) <u>boolean</u>.",
               "Opt": true
            }
         }
      ],
      "Usage": "FtpsConn:rename{remote_path=&#60;value&#62;, new_remote_path=&#60;value&#62;, ...}",
      "Examples": [
         "<pre>local FtpsConn = net.ftps.init{server='example', username='user', password='password'}\n-- recommended usage:\nFtpsConn:rename{remote_path='old_name.txt', new_remote_path='new_name.txt'}\n\n-- which is shorthand for:\nnet.ftps.rename(FtpsConn, {remote_path='old_name.txt', new_remote_path='new_name.txt'})</pre>",
         "-- move a file to a 'processed' directory<br />FtpsConn:rename{<br />   remote_path='/fox_out/test.txt',<br />   new_remote_path='/fox_processed/test'..os.date()..'.txt'<br />}",
         "-- use the 'live' parameter to rename a file in the editor<br /><br />-- cache the connection parameters, set live = true<br />local FtpsConn = net.ftps.init{server='foxton_ftps', username='test_ftps',password='secret', live=true}<br /><br />-- rename the file<br />FtpsConn:rename{remote_path='/fox_out/test.txt', new_remote_path='/fox_processed/test_old'.txt'}"
      ],
      "Desc": "Renames a single file or directory on the ftp server specified by the <b>FtpConn</b> connection handle.<br><br><b>Note:</b> Use <code>net.ftps.init{}</code> to create a connection handle."
   },
   "get": {
      "Returns": [
         {
            "Desc": "The contents of the file (or true if local_path is used false is never returned, errors are thrown instead) <u>string or boolean</u>"
         },
         {
            "Desc": "Debug information (if requested) <u>string</u>."
         }
      ],
      "ParameterTable": true,
      "Title": "net.ftps.get",
      "SummaryLine": "Get a single file from the remote server.",
      "SeeAlso": [
         {
            "Title": "Using File and FTP Interfaces",
            "Link": "http://help.interfaceware.com/v6/file-and-ftp-interfaces?v=6.0.0"
         },
         {
            "Title": "The net API reference: File transfer and email using the FTP, FTPS, HTTP, SFTP and SMTP message protocols",
            "Link": "http://help.interfaceware.com/api/?v=6.0.0#net"
         },
         {
            "Title": "Read from FTP site in the in the Iguana Files repository",
            "Link": "http://help.interfaceware.com/v6/read-from-ftp-site?v=6.0.0"
         },
         {
            "Title": "Using ftp",
            "Link": "http://help.interfaceware.com/code/details/using-ftp?v=6.0.0"
         },
         {
            "Title": " Using the ftp list command ",
            "Link": "http://help.interfaceware.com/v6/using-the-ftp-list-command?v=6.0.0"
         },
         {
            "Title": "Wikipedia: File Transfer Protocols (ftp)",
            "Link": "http://en.wikipedia.org/wiki/File_Transfer_Protocol"
         },
         {
            "Title": "Understanding Lua OO syntax: what the colon operator means",
            "Link": "http://help.interfaceware.com/v6/eliots-tips-and-tricks?v=6.0.0#colon"
         }
      ],
      "Parameters": [
         {
            "remote_path": {
               "Desc": "The name of the file to be downloaded from the remote server <u>string</u>.<br /><br /><strong>Note</strong>: The name may include a path and/or an extension (but neither of these are required)"
            }
         },
         {
            "local_path": {
               "Desc": "Save the file using this name instead of returning it as a string <u>string</u>.<br /><br /><strong>Note</strong>: The name may include a path and/or an extension (but neither of these are required)",
               "Opt": true
            }
         },
         {
            "overwrite": {
               "Desc": "Allow local_path to be overwritten if it already exists (default = false) <u>boolean</u>.",
               "Opt": true
            }
         },
         {
            "debug": {
               "Desc": "When true return verbose debug information, errors thrown will also contain debug information (default = false) <u>boolean</u>.",
               "Opt": true
            }
         }
      ],
      "Usage": "FtpsConn:get{remote_path=&#60;value&#62; [, local_path=&#60;value&#62;] [, ...]}",
      "Examples": [
         "local FtpsConn = net.ftps.init{server='example', username='user', password='password'}<br />-- recommended usage:<br />FtpsConn:get{remote_path='afile.txt'}<br /><br />-- which is shorthand for:<br />net.ftps.get(FtpsConn, {remote_path='afile.txt'})",
	"--How to download text and binary files<br /><br />-- cache the connection parameters<br />local FtpsConn = net.ftps.init{server='foxton_ftps', username='test_ftps',password='secret'}<br /><br />-- get (download) a text file (opens/closes an ASCII connection)<br />FtpsConn:get{remote_path='/fox_out/test.png',local_path='temp/test.txt'}<br /><br />-- get (download) a binary (picture) file (opens/closes a binary connection) <br />FtpsConn:get{remote_path='/fox_out/test.png',local_path='temp/test.png'}"
      ],
      "Desc": "Get a single file from the remote serverftp server specified by the <b>FtpConn</b> connection handle.<br><br><b>Note:</b> Use <code>net.ftps.init{}</code> to create a connection handle.<br /><br />The local_path is relative to the Iguana install directory. So the absolute path for 'temp/myfile.txt' is something like 'c:/program files/interfaceware/iguana/temp/myfile.txt (Windows), or '/Users/julianmuir/Downloads/temp/myfile.txt' (Mac/Linux). You can also specify an absolute path.<br /><br /><strong>Note</strong>: The file type is detected and the correct transfer mode, 'ascii' (text) or 'binary', is chosen automatically."
   }
}

