{
   "send": {
      "Returns": [],
      "Usage": "net.smtp.send{server=&#60;value&#62;, to=&#60;value&#62;, from=&#60;value&#62;, header=&#60;value&#62;, body=&#60;value&#62; [, username=&#60;value&#62;] [, ...]}",
      "Title": "net.smtp.send",
      "SummaryLine": "Sends an email using the SMTP protocol.",
      "SeeAlso": [
         {
            "Title": "The net interface modules - file transfer and email using the FTP, FTPS, HTTP, SFTP and SMTP message protocols",
            "Link": "http://help.interfaceware.com/api/#net"
         },
         {
            "Title": "Send rich HTML email in our Tools repository",
            "Link": "http://help.interfaceware.com/v6/mime-email-client?v=6.0.0"
         },
         {
            "Title": "Email Alerts and Notifications",
            "Link": "http://help.interfaceware.com/v6/email-alerts-and-notifications?v=6.0.0#menu3"
         },
         {
            "Title": "Send an Email from Lua",
            "Link": "http://help.interfaceware.com/code/details/send-an-email-from-lua?v=6.0.0"
         },
         {
            "Title": "Wikipedia: Email provides a good overview, with many links to RFCs etc.",
            "Link": "http://en.wikipedia.org/wiki/Email"
         },
         {
            "Title": "RFC 5321 is the current email standard",
            "Link": "http://www.ietf.org/rfc/rfc5321.txt"
         },
         {
            "Title": "RFC 5322 is the current email message standard, with header fields",
            "Link": "http://www.ietf.org/rfc/rfc5322.txt"
         },
         {
            "Title": "RFC 4021 is a older standard for mail and MIME header fields (including some fields omitted from 5322)",
            "Link": "http://tools.ietf.org/html/rfc4021"
         }
      ],
      "Desc": "Sends an email using the SMTP protocol. <br/><br/><strong>Note</strong>: The header fields are for <i>display only</i>, the \"To\" param contains the actual email recipient(s). Therefore to do <strong>Bcc</strong> you just add the recipient address in the \"To\" param, but omit it from the header (so it is not displayed).<br/><br/>Some common header fields include: \"From:\" (mandatory),  \"To:\", \"Subject:\", \"Date:\" (mandatory, \"Message-ID:\", \"Bcc:\", \" Cc:\", \"Content-Type:\" (non-standard), \"In-Reply-To:\", \"Precedence:\" (non-standard), \"Received:\", \"References:\", \"Reply-To:\", \"Sender:\", \"Return-Path:\", \"Errors-To:\" (non-standard), \"X-*\" (recommended for custom fields)
<br/><br/><strong>Note</strong>: Though \"X-*\" is recommended for custom header fields, in fact, any header not expressly defined in the RFC, is allowed, and ignored by most e-mail systems. For example there are three (common) non-standard fields in the list above: \"Content-Type:\", \"Precedence:\" and \"Errors-To:\"",
      "ParameterTable": true,
      "Examples": [
         "local Header = {To = 'adam@smith.com'; -- bcc to jane@smith.com <br>   From = 'will@smith.com';            -- show a different name as sender<br>   Date = 'Thu, 23 Aug 2001 21:27:04 -0400';<br>   Subject = 'Test Subject';<br>}<br><br>local Results = net.smtp.send{<br>   server='smtp://mysmtp.com:25', <br>   username='john', password='password',<br>   from='john@smith.com',<br>   to={'adam@smith.com', 'jane@smith.com'},<br>   header=Header, <br>   body='Test Email Body', <br>   use_ssl='try'<br> }"
      ],
      "Parameters": [
         {
            "server": {
               "Desc": "The server the email will be sent through <u>string</u>."
            }
         },
         {
            "to": {
               "Desc": "Recipient emails, an array containing a list of strings, each of the form 'email@domain.com' <u>table</u>."
            }
         },
         {
            "from": {
               "Desc": "Sender email address, e.g., 'user@host.com' <u>string</u>."
            }
         },
         {
            "header": {
               "Desc": "A table of key value pairs representing the header <u>table</u>."
            }
         },
         {
            "body": {
               "Desc": "A string containing the body of the message <u>string</u>."
            }
         },
         {
            "username": {
               "Opt": true,
               "Desc": "Username to use. If this and password are empty or not specified, no authentication will be used <u>string</u>."
            }
         },
         {
            "password": {
               "Opt": true,
               "Desc": "Password to use. If this and username are empty or not specified, no authentication will be used <u>string</u>."
            }
         },
         {
            "timeout": {
               "Desc": "Timeout for the send (default = 15 seconds) <u>integer</u>.",
               "Opt": true
            }
         },
         {
            "use_ssl": {
               "Desc": "Options are: 'yes' - SSL will be used or an error will occur; 'no' - SSL will not be used; or 'try' - SSL will be used if possible (default = 'no') <u>string</u>.",
               "Opt": true
            }
         },
         {
            "certificate_file": {
               "Desc": "The name of your certificate file <u>string</u>.",
               "Opt": true
            }
         },
         {
            "certificate_type": {
               "Desc": "Your certificate's type: PEM (default) or DER <u>string</u>.",
               "Opt": true
            }
         },
         {
            "private_key_file": {
               "Desc": "The name of your private key file <u>string</u>.",
               "Opt": true
            }
         },
         {
            "private_key_pass": {
               "Desc": "The password to access your private key <u>string</u>.",
               "Opt": true
            }
         },
         {
            "private_key_type": {
               "Desc": "Your private key's type: PEM (default), DER, or ENG <u>string</u>.",
               "Opt": true
            }
         },
         {
            "ssl_engine": {
               "Desc": "The engine to use with 'key_type' ENG <u>string</u>.",
               "Opt": true
            }
         },
         {
            "verify_peer": {
               "Desc": "Verify peer certificate (default = true) <u>boolean</u>.",
               "Opt": true
            }
         },
         {
            "verify_host": {
               "Desc": "Verify host certificate matches URL (default = true) <u>boolean</u>.",
               "Opt": true
            }
         },
         {
            "ca_file": {
               "Desc": "The certificate(s) file to use for peer verification <u>string</u>.",
               "Opt": true
            }
         },
         {
            "issuer_cert": {
               "Desc": "The PEM certificate file to validate the issuer of the peer's certificate during peer validation <u>string</u>.",
               "Opt": true
            }
         },
         {
            "crl_file": {
               "Desc": "The name of the certificate revocation list to use during peer validation <u>string</u>.",
               "Opt": true
            }
         },
         {
            "ssl_version": {
               "Desc": "use a particular SSL version(s). Possible values are ssl-v3, tls-v1, tls-v1.1, tls-v1.2. Default behaviour is to try tls-v1.2 then tls-v1.1. ssl-v2 is no longer supported and ssl-v3 won't be used unless specified. Specifying tls-v1 will allow connections to use all tls versions (starting with tls-v1.2 down to tls-v1.0).<u>string</u>.",
               "Opt": true
            }
         },
         {
            "cipher_list": {
               "Desc": "Provide a list of ciphers in OpenSSL format to use. By default Iguana uses a list selected for optimal security. <u>string</u>",
               "Opt": true
            }
         },
         {
            "live": {
               "Desc": "When true, emails will be sent while in the editor (default = false) <u>boolean</u>.",
               "Opt": true
            }
         },
         {
            "debug": {
               "Desc": "When true return verbose debug information - errors thrown will also contain debug information (default = false) <u>boolean</u>.",
               "Opt": true
            }
         }
      ]
   }
}
