{
   "chmod": {
      "Parameters": [
         {
            "path": {
               "Desc": "File path <u>string</u>."
            },
          },
          {
            "mode": {
               "Desc": "Mode of access to apply (using octal format) <u>string</u>."
            }
         }
      ],
      "Returns": [],
      "Title": "os.fs.chmod",
      "SummaryLine": "Change the permission mode of a file.",
      "Examples": [
         "-- grant full access<br/>os.fs.chmod('temp', '777')        -- mode must be octal<br/>os.fs.chmod('temp', '0777')       -- can use 3 or 4 digits<br/><br/>os.fs.chmod('temp', '-rwxrwxrwx') -- mode using symbolic format does not work"
      ],
      "Usage": "os.fs.chmod(path, mode)",
      "SeeAlso": [
         {
            "Title": "The os modules - operating system utilities",
            "Link": "http://help.interfaceware.com/api/?v=6.0.0#os"
         },
         {
            "Title": "File and FTP Interfaces",
            "Link": "http://help.interfaceware.com/v6/file-and-ftp-interfaces?v=6.0.0"
         },
         {
            "Title": "Set file permissions",
            "Link": "http://help.interfaceware.com/code/details/set-file-permissions?v=6.0.0"
         },
         {
            "Title": "Wikipedia chmod",
            "Link": "http://en.wikipedia.org/wiki/Chmod"
         },
         {
            "Title": "Wikipedia file permissions, scroll down for numerical (octal) notation",
            "Link": "http://en.wikipedia.org/wiki/File_system_permissions"
         }
      ],
      "Desc": "Change the permission mode of a file.<br/><br/>The mode must be in octal format, i.e., to apply full permissions use '0777' or '777' (the symbolic form '-rwxrwxrwx' does not work).<br><br><strong>Note</strong>: This command is only for “Unix like” systems, and therefore it does not work on Windows."
   },
   "chown": {
      "Parameters": [
         {
            "path": {
               "Desc": "File path <u>string</u>."
            },
          },
          {
            "uid": {
               "Desc": "User ID <u>integer</u>."
            },
          },
          {
            "gid": {
               "Desc": "Group ID <u>integer</u>."
            }
         }
      ],
      "Returns": [],
      "Title": "os.fs.chown",
      "SummaryLine": "Change the owner and group IDs of a file.",
      "Examples": [
         "-- change user and group<br/>os.fs.stat('temp')            -- identfy current uid and gid<br/>os.fs.chown('temp', 503, 504) -- change user and group<br/><br/>os.fs.stat('temp')            -- change back<br/>os.fs.chown('temp', 501, 80)  -- confirm",
      ],
      "Usage": "os.fs.chown(path, uid, gid)",
      "SeeAlso": [
         {
            "Title": "The os modules - operating system utilities",
            "Link": "http://help.interfaceware.com/api/?v=6.0.0#os"
         },
         {
            "Title": "File and FTP Interfaces",
            "Link": "http://help.interfaceware.com/v6/file-and-ftp-interfaces?v=6.0.0"
         },
         {
            "Title": "Wikipedia chown",
            "Link": "http://en.wikipedia.org/wiki/Chown"
         }
      ],
      "Desc": "Change the owner and group IDs of a file.<br><br><strong>Note</strong>: This command is only for “Unix like” systems, and therefore it does not work on Windows."
   },
   "abspath": {
      "Examples": [
         "<pre>local FullPath = os.fs.abspath('..\\\\docs\\\\')</pre>"
      ],
      "Title": "os.fs.abspath",
      "SummaryLine": "Convert a relative path to an absolute one.",
      "Parameters": [
         {
            "path": {
               "Desc": "A relative path to convert to an absolute path <u>string</u>."
            }
         }
      ],
      "Returns": [
         {
            "Desc": "An absolute path for 'path' <u>string</u>."
         }
      ],
      "Usage": "os.fs.abspath(path)",
      "SeeAlso": [
         {
            "Title": "The os modules - operating system utilities",
            "Link": "http://help.interfaceware.com/api/?v=6.0.0#os"
         },
         {
            "Title": "File and FTP Interfaces",
            "Link": "http://help.interfaceware.com/v6/file-and-ftp-interfaces?v=6.0.0"
         }
      ],
      "Desc": "Convert a relative path to an absolute one."
   },
   "access": {
      "Parameters": [
         {
            "path": {
               "Desc": "Path to be checked <u>string</u>."
            },
         },
         {
            "mode": {
               "Desc": "Mode of access to test <u>string</u>.",
               "Opt": true
            }
         }
      ],
      "Returns": [
         {
            "Desc": "True if the file exists and can be accessed according to 'mode' (if used), false otherwise <u>boolean</u>."
         }
      ],
      "Title": "os.fs.access",
      "SummaryLine": "Determine if you can access the file specified.",
      "Examples": [
         "<pre>local ReadWriteable = os.fs.access('IguanaConfiguration.xml', 'rw')</pre>"
      ],
      "Usage": "os.fs.access(path [, mode])",
      "SeeAlso": [
         {
            "Title": "The os modules - operating system utilities",
            "Link": "http://help.interfaceware.com/api/?v=6.0.0#os"
         },
         {
            "Title": "File and FTP Interfaces",
            "Link": "http://help.interfaceware.com/v6/file-and-ftp-interfaces?v=6.0.0"
         },
         {
            "Title": "Test for file existence and permissions",
            "Link": "http://help.interfaceware.com/code/details/test-for-file-existence-and-permissions?v=6.0.0"
         }
      ],
      "Desc": "Determine if you can access the file specified.  If 'mode' is not specified, only the existence of 'path' is checked.  Otherwise, 'mode' is a string containing 'r', 'w', and/or 'x', for which read-, write- and/or execute-access is checked."
   },
   "stat": {
      "Parameters": [
         {
            "path": {
               "Desc": "File path <u>string</u>."
            }
         }
      ],
      "Returns": [
         {
            "Desc": "A lua table with the file's information as shown above <u>table</u>."
         }
      ],
      "Title": "os.fs.stat",
      "SummaryLine": "Collect various statistics on the specified file.",
      "Examples": [
         "<pre>local FileInfo = os.fs.stat('IguanaConfiguration.xml')</pre>"
      ],
      "Usage": "os.fs.stat(path)",
      "SeeAlso": [
         {
            "Title": "The os modules - operating system utilities",
            "Link": "http://help.interfaceware.com/api/?v=6.0.0#os"
         },
         {
            "Title": "File and FTP Interfaces",
            "Link": "http://help.interfaceware.com/v6/file-and-ftp-interfaces?v=6.0.0"
         },
         {
            "Title": "Get file or directory statistics",
            "Link": "http://help.interfaceware.com/code/details/get-file-or-directory-statistics?v=6.0.0"
         },
         {
            "Title": "Create a directory",
            "Link": "http://help.interfaceware.com/code/details/create-a-directory?v=6.0.0"
         },
         {
            "Title": "Wikipedia stat",
            "Link": "http://en.wikipedia.org/wiki/Stat_%28system_call%29"
         }
      ],
      "Desc": "Collect various statistics on the specified file. It returns a Lua table with the following entries:<br><br> <table class=\"Basic\" style=\"width:100%\"> <tr><th>Field</th><th>Description</th></tr> <tr><td>ctime</td><td>Create timestamp</td></tr> <tr><td>mtime</td><td>Last modified timestamp</td></tr> <tr><td>atime</td><td>Last accessed timestamp</td></tr> <tr><td>mode</td><td>Permission flags for the file</td></tr> <tr><td>size</td><td>Size of the file in bytes</td></tr> <tr><td>isdir</td><td>Is this file a directory?</td></tr> <tr><td>isreg</td><td>Is this a regular file</td></tr> </table>",
    },
   "glob": {
      "Parameters": [
         {
            "pattern": {
               "Desc": "Pattern used to match files <u>string</u>."
            }
         }
      ],
      "Returns": [
         {
            "Desc": "An iterator which returns the name of each matching file and its os.fs.stat() table <u>interator function</u>."
         }
      ],
      "Title": "os.fs.glob",
      "SummaryLine": "Iterate over files matching a pattern.",
      "Examples": [
         "<pre>for FileName, FileInfo in os.fs.glob('logs/*.log') do\n   print(FileName)\n   print(FileInfo)\nend</pre>"
      ],
      "Usage": "os.fs.glob(pattern)",
      "SeeAlso": [
         {
            "Title": "The os modules - operating system utilities",
            "Link": "http://help.interfaceware.com/api/?v=6.0.0#os"
         },
         {
            "Title": "File and FTP Interfaces",
            "Link": "http://help.interfaceware.com/v6/file-and-ftp-interfaces?v=6.0.0"
         },
         {
            "Title": "Read a directory",
            "Link": "http://help.interfaceware.com/v6/read-a-directory?v=6.0.0"
         },
         {
            "Title": "Read and process a list of file names",
            "Link": "http://help.interfaceware.com/code/details/read-and-process-a-list-of-file-names?v=6.0.0"
         },
         {
            "Title": "Wikipedia glob",
            "Link": "http://en.wikipedia.org/wiki/Glob_%28programming%29"
         }
      ],
      "Desc": "Iterate over files matching a pattern. The pattern must contain wildcards such as * and ?.  E.g., 'input/*.hl7'.<br><br>Windows pattern matching is different, because Windows does not implement Posix style glob wildcard expansion. For example [a-c]* on Posix systems will return all files starting with “a” or “b” or “c”, on Windows it returns files starting with “[a-c]”. To get the same result in Windows you would need to manually expand “[a-c]*” string to “a*”, “b*” and “c*” (and make three calls using os.fs.glob)."
   },
   "rmdir": {
      "Parameters": [
         {
            "path": {
               "Desc": "Directory path <u>string</u>."
            }
         }
      ],
      "Returns": [],
      "Title": "os.fs.rmdir",
      "SummaryLine": "Remove an empty directory.",
      "Examples": [
         "-- create and delete a directory<br/>os.fs.mkdir('MyTempDir')<br/>os.fs.stat('MyTempDir')<br/><br/>os.fs.rmdir('MyTempDir')  -- remove (delete) the directory<br/><br/>os.fs.stat('MyTempDir') -- stats no longer available"
      ],
      "Usage": "os.fs.rmdir(path)",
      "SeeAlso": [
         {
            "Title": "The os modules - operating system utilities",
            "Link": "http://help.interfaceware.com/api/?v=6.0.0#os"
         },
         {
            "Title": "File and FTP Interfaces",
            "Link": "http://help.interfaceware.com/v6/file-and-ftp-interfaces?v=6.0.0"
         },
         {
            "Title": "Delete a directory",
            "Link": "http://help.interfaceware.com/code/details/delete-a-directory?v=6.0.0"
         },
         {
            "Title": "Delete a file or directory",
            "Link": "http://help.interfaceware.com/code/details/delete-a-file-or-directory?v=6.0.0"
         },
         {
            "Title": "Wikipedia rmdir",
            "Link": "http://en.wikipedia.org/wiki/Rmdir"
         }
      ],
      "Desc": "Remove an empty directory."
   },
   "mkdir": {
      "Parameters": [
         {
            "path": {
               "Desc": "Path to be created <u>string</u>."
            },
         },
         {
            "mode": {
               "Desc": "Mode of access to apply <u>string</u>.",
               "Opt": true
            }
         }
      ],
      "Returns": [],
      "Title": "os.fs.mkdir",
      "SummaryLine": "Create a new directory.",
      "Examples": [
         "-- create and delete a directory<br/>os.fs.mkdir('MyTempDir')<br/>os.fs.stat('MyTempDir')<br/><br/>os.fs.rmdir('MyTempDir')  -- remove (delete) the directory<br/><br/>os.fs.stat('MyTempDir') -- stats no longer available"
      ],
      "Usage": "os.fs.mkdir(path [, mode])",
      "SeeAlso": [
         {
            "Title": "The os modules - operating system utilities",
            "Link": "http://help.interfaceware.com/api/?v=6.0.0#os"
         },
         {
            "Title": "File and FTP Interfaces",
            "Link": "http://help.interfaceware.com/v6/file-and-ftp-interfaces?v=6.0.0"
         },
         {
            "Title": "Create a directory",
            "Link": "http://help.interfaceware.com/code/details/create-a-directory?v=6.0.0"
         },
         {
            "Title": "Delete a directory",
            "Link": "http://help.interfaceware.com/code/details/delete-a-directory?v=6.0.0"
         },
         {
            "Title": "Wikipedia mkdir",
            "Link": "http://en.wikipedia.org/wiki/Mkdir"
         }
      ],
      "Desc": "Create a new directory. The permission 'mode' can also be specified on POSIX platforms (defaults to 644)."
   },
   "utime": {
      "Parameters": [
         {
            "path": {
               "Desc": "Path to the file to change <u>string</u>."
            }
         },
         {
            "actime": {
               "Desc": "New file access time in epoch format <u>time</u>.",
               "Opt": true
            }
         },
         {
            "modtime": {
               "Desc": "New file modification time  in epoch format <u>time</u>.",
               "Opt": true
            }
         }
      ],
      "Returns": [],
      "Title": "os.fs.utime",
      "SummaryLine": "Change access and modification times of a file.",
      "Examples": [
         "-- set access and modification times to current time<br/>os.fs.utime('temp/Angel copy.png')<br/><br/>-- set access and modification times to '1 Jan 1999 03:37'<br/>os.fs.utime('temp/Angel copy.png',915158239,915158239)"
      ],
      "Usage": "os.fs.utime(path [, actime, modtime])",
      "SeeAlso": [
         {
            "Title": "The os modules - operating system utilities",
            "Link": "http://help.interfaceware.com/api/?v=6.0.0#os"
         },
         {
            "Title": "Wikipedia Unix time",
            "Link": "http://en.wikipedia.org/wiki/Unix_time"
         },
         {
            "Title": "IEEE utime standard",
            "Link": "http://pubs.opengroup.org/onlinepubs/009604599/functions/utime.html"
         }
      ],
      "Desc": "Changes the access and modification times of the specified file. If called with no parameters both the access and modification time are set to the current time. The time parameters (<code>actime</code> and <code>modtime</code>) cannot be used separately they must be supplied together.<br><br>The time parameters must be supplied in <a href=\"http://en.wikipedia.org/wiki/Unix_time\">Unix Epoch time format.</a> You can get the current time in Unix Epoch format by using <code>os.ts.time()</code>.<br><br>"
   }
}
